#-----------------------------------------------------------
# Vivado v2017.4 (64-bit)
# SW Build 2086221 on Fri Dec 15 20:55:39 MST 2017
# IP Build 2085800 on Fri Dec 15 22:25:07 MST 2017
# Start of session at: Sun Apr  5 18:08:10 2026
# Process ID: 12968
# Current directory: C:/Users/ashle/Documents/Current Classes/ECE-499
# Command line: vivado.exe -gui_launcher_event rodinguilauncherevent13832 C:\Users\ashle\Documents\Current Classes\ECE-499\ECE449Main.xpr
# Log file: C:/Users/ashle/Documents/Current Classes/ECE-499/vivado.log
# Journal file: C:/Users/ashle/Documents/Current Classes/ECE-499\vivado.jou
#-----------------------------------------------------------
start_gui
open_project {C:/Users/ashle/Documents/Current Classes/ECE-499/ECE449Main.xpr}
INFO: [Project 1-313] Project file moved from 'C:/Users/alexr/ECE449Main' since last save.
Scanning sources...
Finished scanning sources
INFO: [IP_Flow 19-234] Refreshing IP repositories
INFO: [IP_Flow 19-1704] No user IP repositories specified
INFO: [IP_Flow 19-2313] Loaded Vivado IP repository 'C:/Xilinx/Vivado/2017.4/data/ip'.
update_compile_order -fileset sources_1
export_ip_user_files -of_objects  [get_files {{C:/Users/ashle/Documents/Current Classes/ECE-499/ECE449Main.srcs/sources_1/new/ALUTest.vhd}}] -no_script -reset -force -quiet
remove_files  {{C:/Users/ashle/Documents/Current Classes/ECE-499/ECE449Main.srcs/sources_1/new/ALUTest.vhd}}
update_compile_order -fileset sources_1
export_ip_user_files -of_objects  [get_files {{C:/Users/ashle/Documents/Current Classes/ECE-499/ECE449Main.srcs/sources_1/new/ALUv2.vhd}}] -no_script -reset -force -quiet
remove_files  {{C:/Users/ashle/Documents/Current Classes/ECE-499/ECE449Main.srcs/sources_1/new/ALUv2.vhd}}
export_ip_user_files -of_objects  [get_files {{C:/Users/ashle/Documents/Current Classes/ECE-499/ECE449Main.srcs/sources_1/new/PC.vhd}}] -no_script -reset -force -quiet
remove_files  {{C:/Users/ashle/Documents/Current Classes/ECE-499/ECE449Main.srcs/sources_1/new/PC.vhd}}
add_files -norecurse -scan_for_includes {{C:/Users/ashle/Documents/Current Classes/ECE-499/ECE449Main.srcs/sources_1/new/ALUv2.vhd} {C:/Users/ashle/Documents/Current Classes/ECE-499/ECE449Main.srcs/sources_1/new/RegCtrl.vhd} {C:/Users/ashle/Documents/Current Classes/ECE-499/ECE449Main.srcs/sources_1/new/pipeline_registers/id-ex.vhd} {C:/Users/ashle/Documents/Current Classes/ECE-499/ECE449Main.srcs/sources_1/new/pipeline_registers/ex-mem.vhd} {C:/Users/ashle/Documents/Current Classes/ECE-499/ECE449Main.srcs/sources_1/new/BranchController.vhd} {C:/Users/ashle/Documents/Current Classes/ECE-499/ECE449Main.srcs/sources_1/new/pipeline_registers/if-id.vhd} {C:/Users/ashle/Documents/Current Classes/ECE-499/ECE449Main.srcs/sources_1/new/datapath.vhd} {C:/Users/ashle/Documents/Current Classes/ECE-499/ECE449Main.srcs/sources_1/new/RF8_16.vhd} {C:/Users/ashle/Documents/Current Classes/ECE-499/ECE449Main.srcs/sources_1/new/PC.vhd} {C:/Users/ashle/Documents/Current Classes/ECE-499/ECE449Main.srcs/sources_1/new/pipeline_registers/mem-wb.vhd}}
import_files -norecurse {{C:/Users/ashle/Documents/Current Classes/ECE-499/ECE449Main.srcs/sources_1/new/ALUv2.vhd} {C:/Users/ashle/Documents/Current Classes/ECE-499/ECE449Main.srcs/sources_1/new/RegCtrl.vhd} {C:/Users/ashle/Documents/Current Classes/ECE-499/ECE449Main.srcs/sources_1/new/pipeline_registers/id-ex.vhd} {C:/Users/ashle/Documents/Current Classes/ECE-499/ECE449Main.srcs/sources_1/new/pipeline_registers/ex-mem.vhd} {C:/Users/ashle/Documents/Current Classes/ECE-499/ECE449Main.srcs/sources_1/new/BranchController.vhd} {C:/Users/ashle/Documents/Current Classes/ECE-499/ECE449Main.srcs/sources_1/new/pipeline_registers/if-id.vhd} {C:/Users/ashle/Documents/Current Classes/ECE-499/ECE449Main.srcs/sources_1/new/datapath.vhd} {C:/Users/ashle/Documents/Current Classes/ECE-499/ECE449Main.srcs/sources_1/new/RF8_16.vhd} {C:/Users/ashle/Documents/Current Classes/ECE-499/ECE449Main.srcs/sources_1/new/PC.vhd} {C:/Users/ashle/Documents/Current Classes/ECE-499/ECE449Main.srcs/sources_1/new/pipeline_registers/mem-wb.vhd}}
update_compile_order -fileset sources_1
update_compile_order -fileset sources_1
export_ip_user_files -of_objects  [get_files {{C:/Users/ashle/Documents/Current Classes/ECE-499/ECE449Main.srcs/sources_1/imports/new/datapath.vhd}}] -no_script -reset -force -quiet
remove_files  {{C:/Users/ashle/Documents/Current Classes/ECE-499/ECE449Main.srcs/sources_1/imports/new/datapath.vhd}}
export_ip_user_files -of_objects  [get_files {{C:/Users/ashle/Documents/Current Classes/ECE-499/ECE449Main.srcs/sources_1/new/KSA_Nbit.vhd}}] -no_script -reset -force -quiet
remove_files  {{C:/Users/ashle/Documents/Current Classes/ECE-499/ECE449Main.srcs/sources_1/new/KSA_Nbit.vhd}}
update_compile_order -fileset sources_1
export_ip_user_files -of_objects  [get_files {{C:/Users/ashle/Documents/Current Classes/ECE-499/ECE449Main.srcs/sources_1/imports/new/ALUv2.vhd}}] -no_script -reset -force -quiet
remove_files  {{C:/Users/ashle/Documents/Current Classes/ECE-499/ECE449Main.srcs/sources_1/imports/new/ALUv2.vhd}}
update_compile_order -fileset sources_1
update_compile_order -fileset sources_1
export_ip_user_files -of_objects  [get_files {{C:/Users/ashle/Documents/Current Classes/ECE-499/ECE449Main.srcs/sources_1/imports/new/BranchController.vhd}}] -no_script -reset -force -quiet
export_ip_user_files -of_objects  [get_files {{C:/Users/ashle/Documents/Current Classes/ECE-499/ECE449Main.srcs/sources_1/imports/new/PC.vhd}}] -no_script -reset -force -quiet
export_ip_user_files -of_objects  [get_files {{C:/Users/ashle/Documents/Current Classes/ECE-499/ECE449Main.srcs/sources_1/imports/new/RegCtrl.vhd}}] -no_script -reset -force -quiet
export_ip_user_files -of_objects  [get_files {{C:/Users/ashle/Documents/Current Classes/ECE-499/ECE449Main.srcs/sources_1/imports/new/pipeline_registers/ex-mem.vhd}}] -no_script -reset -force -quiet
export_ip_user_files -of_objects  [get_files {{C:/Users/ashle/Documents/Current Classes/ECE-499/ECE449Main.srcs/sources_1/imports/new/pipeline_registers/id-ex.vhd}}] -no_script -reset -force -quiet
export_ip_user_files -of_objects  [get_files {{C:/Users/ashle/Documents/Current Classes/ECE-499/ECE449Main.srcs/sources_1/imports/new/pipeline_registers/if-id.vhd}}] -no_script -reset -force -quiet
export_ip_user_files -of_objects  [get_files {{C:/Users/ashle/Documents/Current Classes/ECE-499/ECE449Main.srcs/sources_1/imports/new/pipeline_registers/mem-wb.vhd}}] -no_script -reset -force -quiet
export_ip_user_files -of_objects  [get_files {{C:/Users/ashle/Documents/Current Classes/ECE-499/ECE449Main.srcs/sources_1/imports/new/RF8_16.vhd}}] -no_script -reset -force -quiet
remove_files  {{C:/Users/ashle/Documents/Current Classes/ECE-499/ECE449Main.srcs/sources_1/imports/new/BranchController.vhd} {C:/Users/ashle/Documents/Current Classes/ECE-499/ECE449Main.srcs/sources_1/imports/new/PC.vhd} {C:/Users/ashle/Documents/Current Classes/ECE-499/ECE449Main.srcs/sources_1/imports/new/RegCtrl.vhd} {C:/Users/ashle/Documents/Current Classes/ECE-499/ECE449Main.srcs/sources_1/imports/new/pipeline_registers/ex-mem.vhd} {C:/Users/ashle/Documents/Current Classes/ECE-499/ECE449Main.srcs/sources_1/imports/new/pipeline_registers/id-ex.vhd} {C:/Users/ashle/Documents/Current Classes/ECE-499/ECE449Main.srcs/sources_1/imports/new/pipeline_registers/if-id.vhd} {C:/Users/ashle/Documents/Current Classes/ECE-499/ECE449Main.srcs/sources_1/imports/new/pipeline_registers/mem-wb.vhd} {C:/Users/ashle/Documents/Current Classes/ECE-499/ECE449Main.srcs/sources_1/imports/new/RF8_16.vhd}}
add_files -norecurse -scan_for_includes {{C:/Users/ashle/Documents/Current Classes/ECE-499/ECE449Main.srcs/sources_1/new/datapath.vhd}}
import_files -force -norecurse {{C:/Users/ashle/Documents/Current Classes/ECE-499/ECE449Main.srcs/sources_1/new/datapath.vhd}}
set_property SOURCE_SET sources_1 [get_filesets sim_1]
add_files -fileset sim_1 -norecurse -scan_for_includes {{C:/Users/ashle/Documents/Current Classes/ECE-499/ECE449Main.srcs/sources_1/new/datapath_tb.vhd}}
import_files -fileset sim_1 -norecurse {{C:/Users/ashle/Documents/Current Classes/ECE-499/ECE449Main.srcs/sources_1/new/datapath_tb.vhd}}
update_compile_order -fileset sim_1
update_compile_order -fileset sim_1
add_files -norecurse -scan_for_includes {{C:/Users/ashle/Documents/Current Classes/ECE-499/ECE449Main.srcs/sources_1/new/ALUv2.vhd} {C:/Users/ashle/Documents/Current Classes/ECE-499/ECE449Main.srcs/sources_1/new/RegCtrl.vhd} {C:/Users/ashle/Documents/Current Classes/ECE-499/ECE449Main.srcs/sources_1/new/pipeline_registers/id-ex.vhd} {C:/Users/ashle/Documents/Current Classes/ECE-499/ECE449Main.srcs/sources_1/new/pipeline_registers/ex-mem.vhd} {C:/Users/ashle/Documents/Current Classes/ECE-499/ECE449Main.srcs/sources_1/new/BranchController.vhd} {C:/Users/ashle/Documents/Current Classes/ECE-499/ECE449Main.srcs/sources_1/new/pipeline_registers/if-id.vhd} {C:/Users/ashle/Documents/Current Classes/ECE-499/ECE449Main.srcs/sources_1/new/RF8_16.vhd} {C:/Users/ashle/Documents/Current Classes/ECE-499/ECE449Main.srcs/sources_1/new/PC.vhd} {C:/Users/ashle/Documents/Current Classes/ECE-499/ECE449Main.srcs/sources_1/new/pipeline_registers/mem-wb.vhd}}
import_files -force -norecurse {{C:/Users/ashle/Documents/Current Classes/ECE-499/ECE449Main.srcs/sources_1/new/ALUv2.vhd} {C:/Users/ashle/Documents/Current Classes/ECE-499/ECE449Main.srcs/sources_1/new/RegCtrl.vhd} {C:/Users/ashle/Documents/Current Classes/ECE-499/ECE449Main.srcs/sources_1/new/pipeline_registers/id-ex.vhd} {C:/Users/ashle/Documents/Current Classes/ECE-499/ECE449Main.srcs/sources_1/new/pipeline_registers/ex-mem.vhd} {C:/Users/ashle/Documents/Current Classes/ECE-499/ECE449Main.srcs/sources_1/new/BranchController.vhd} {C:/Users/ashle/Documents/Current Classes/ECE-499/ECE449Main.srcs/sources_1/new/pipeline_registers/if-id.vhd} {C:/Users/ashle/Documents/Current Classes/ECE-499/ECE449Main.srcs/sources_1/new/RF8_16.vhd} {C:/Users/ashle/Documents/Current Classes/ECE-499/ECE449Main.srcs/sources_1/new/PC.vhd} {C:/Users/ashle/Documents/Current Classes/ECE-499/ECE449Main.srcs/sources_1/new/pipeline_registers/mem-wb.vhd}}
update_compile_order -fileset sources_1
INFO: [Device 21-403] Loading part xc7a35tcpg236-1
WARNING: [IP_Flow 19-4067] Ignoring invalid widget type specified checkbox.Providing a default widget
WARNING: [IP_Flow 19-4067] Ignoring invalid widget type specified checkbox.Providing a default widget
create_ip -name blk_mem_gen -vendor xilinx.com -library ip -version 8.4 -module_name blk_mem_gen_0 -dir {c:/Users/ashle/Documents/Current Classes/ECE-499/ECE449Main.srcs/sources_1/ip}
set_property -dict [list CONFIG.Memory_Type {Single_Port_ROM} CONFIG.Write_Depth_A {1024} CONFIG.Load_Init_File {true} CONFIG.Coe_File {C:/Users/ashle/Documents/Current Classes/ECE-499/ECE449Main.srcs/sources_1/new/FORMAT_B_Test_Part2.coe} CONFIG.Port_A_Write_Rate {0}] [get_ips blk_mem_gen_0]
INFO: [IP_Flow 19-3484] Absolute path of file 'c:/Users/ashle/Documents/Current Classes/ECE-499/ECE449Main.srcs/sources_1/new/FORMAT_B_Test_Part2.coe' provided. It will be converted relative to IP Instance files '../../new/FORMAT_B_Test_Part2.coe'
generate_target {instantiation_template} [get_files {{c:/Users/ashle/Documents/Current Classes/ECE-499/ECE449Main.srcs/sources_1/ip/blk_mem_gen_0/blk_mem_gen_0.xci}}]
INFO: [IP_Flow 19-1686] Generating 'Instantiation Template' target for IP 'blk_mem_gen_0'...
generate_target all [get_files  {{c:/Users/ashle/Documents/Current Classes/ECE-499/ECE449Main.srcs/sources_1/ip/blk_mem_gen_0/blk_mem_gen_0.xci}}]
INFO: [IP_Flow 19-1686] Generating 'Synthesis' target for IP 'blk_mem_gen_0'...
INFO: [IP_Flow 19-1686] Generating 'Simulation' target for IP 'blk_mem_gen_0'...
INFO: [IP_Flow 19-1686] Generating 'Miscellaneous' target for IP 'blk_mem_gen_0'...
INFO: [IP_Flow 19-1686] Generating 'Change Log' target for IP 'blk_mem_gen_0'...
catch { config_ip_cache -export [get_ips -all blk_mem_gen_0] }
export_ip_user_files -of_objects [get_files {{c:/Users/ashle/Documents/Current Classes/ECE-499/ECE449Main.srcs/sources_1/ip/blk_mem_gen_0/blk_mem_gen_0.xci}}] -no_script -sync -force -quiet
create_ip_run [get_files -of_objects [get_fileset sources_1] {{c:/Users/ashle/Documents/Current Classes/ECE-499/ECE449Main.srcs/sources_1/ip/blk_mem_gen_0/blk_mem_gen_0.xci}}]
launch_runs -jobs 6 blk_mem_gen_0_synth_1
[Sun Apr  5 18:19:19 2026] Launched blk_mem_gen_0_synth_1...
Run output will be captured here: C:/Users/ashle/Documents/Current Classes/ECE-499/ECE449Main.runs/blk_mem_gen_0_synth_1/runme.log
INFO: [Vivado 12-4357] Exporting simulation files for 'blk_mem_gen_0'... please wait for 'blk_mem_gen_0_synth_1' run to finish...
wait_on_run blk_mem_gen_0_synth_1
[Sun Apr  5 18:19:19 2026] Waiting for blk_mem_gen_0_synth_1 to finish...
[Sun Apr  5 18:19:24 2026] Waiting for blk_mem_gen_0_synth_1 to finish...
[Sun Apr  5 18:19:29 2026] Waiting for blk_mem_gen_0_synth_1 to finish...
[Sun Apr  5 18:19:34 2026] Waiting for blk_mem_gen_0_synth_1 to finish...
[Sun Apr  5 18:19:44 2026] Waiting for blk_mem_gen_0_synth_1 to finish...
[Sun Apr  5 18:19:54 2026] Waiting for blk_mem_gen_0_synth_1 to finish...
[Sun Apr  5 18:20:04 2026] Waiting for blk_mem_gen_0_synth_1 to finish...
[Sun Apr  5 18:20:14 2026] Waiting for blk_mem_gen_0_synth_1 to finish...
[Sun Apr  5 18:20:34 2026] Waiting for blk_mem_gen_0_synth_1 to finish...
[Sun Apr  5 18:20:55 2026] Waiting for blk_mem_gen_0_synth_1 to finish...

*** Running vivado
    with args -log blk_mem_gen_0.vds -m64 -product Vivado -mode batch -messageDb vivado.pb -notrace -source blk_mem_gen_0.tcl


****** Vivado v2017.4 (64-bit)
  **** SW Build 2086221 on Fri Dec 15 20:55:39 MST 2017
  **** IP Build 2085800 on Fri Dec 15 22:25:07 MST 2017
    ** Copyright 1986-2017 Xilinx, Inc. All Rights Reserved.

source blk_mem_gen_0.tcl -notrace
Command: synth_design -top blk_mem_gen_0 -part xc7a35tcpg236-1 -mode out_of_context
Starting synth_design
Attempting to get a license for feature 'Synthesis' and/or device 'xc7a35t'
INFO: [Common 17-349] Got license for feature 'Synthesis' and/or device 'xc7a35t'
INFO: Launching helper process for spawning children vivado processes
INFO: Helper process launched with PID 12244 
---------------------------------------------------------------------------------
Starting RTL Elaboration : Time (s): cpu = 00:00:07 ; elapsed = 00:00:08 . Memory (MB): peak = 344.215 ; gain = 105.500
---------------------------------------------------------------------------------
INFO: [Synth 8-638] synthesizing module 'blk_mem_gen_0' [c:/Users/ashle/Documents/Current Classes/ECE-499/ECE449Main.srcs/sources_1/ip/blk_mem_gen_0/synth/blk_mem_gen_0.vhd:68]
	Parameter C_FAMILY bound to: artix7 - type: string 
	Parameter C_XDEVICEFAMILY bound to: artix7 - type: string 
	Parameter C_ELABORATION_DIR bound to: ./ - type: string 
	Parameter C_INTERFACE_TYPE bound to: 0 - type: integer 
	Parameter C_AXI_TYPE bound to: 1 - type: integer 
	Parameter C_AXI_SLAVE_TYPE bound to: 0 - type: integer 
	Parameter C_USE_BRAM_BLOCK bound to: 0 - type: integer 
	Parameter C_ENABLE_32BIT_ADDRESS bound to: 0 - type: integer 
	Parameter C_CTRL_ECC_ALGO bound to: NONE - type: string 
	Parameter C_HAS_AXI_ID bound to: 0 - type: integer 
	Parameter C_AXI_ID_WIDTH bound to: 4 - type: integer 
	Parameter C_MEM_TYPE bound to: 3 - type: integer 
	Parameter C_BYTE_SIZE bound to: 9 - type: integer 
	Parameter C_ALGORITHM bound to: 1 - type: integer 
	Parameter C_PRIM_TYPE bound to: 1 - type: integer 
	Parameter C_LOAD_INIT_FILE bound to: 1 - type: integer 
	Parameter C_INIT_FILE_NAME bound to: blk_mem_gen_0.mif - type: string 
	Parameter C_INIT_FILE bound to: blk_mem_gen_0.mem - type: string 
	Parameter C_USE_DEFAULT_DATA bound to: 0 - type: integer 
	Parameter C_DEFAULT_DATA bound to: 0 - type: string 
	Parameter C_HAS_RSTA bound to: 0 - type: integer 
	Parameter C_RST_PRIORITY_A bound to: CE - type: string 
	Parameter C_RSTRAM_A bound to: 0 - type: integer 
	Parameter C_INITA_VAL bound to: 0 - type: string 
	Parameter C_HAS_ENA bound to: 1 - type: integer 
	Parameter C_HAS_REGCEA bound to: 0 - type: integer 
	Parameter C_USE_BYTE_WEA bound to: 0 - type: integer 
	Parameter C_WEA_WIDTH bound to: 1 - type: integer 
	Parameter C_WRITE_MODE_A bound to: WRITE_FIRST - type: string 
	Parameter C_WRITE_WIDTH_A bound to: 16 - type: integer 
	Parameter C_READ_WIDTH_A bound to: 16 - type: integer 
	Parameter C_WRITE_DEPTH_A bound to: 1024 - type: integer 
	Parameter C_READ_DEPTH_A bound to: 1024 - type: integer 
	Parameter C_ADDRA_WIDTH bound to: 10 - type: integer 
	Parameter C_HAS_RSTB bound to: 0 - type: integer 
	Parameter C_RST_PRIORITY_B bound to: CE - type: string 
	Parameter C_RSTRAM_B bound to: 0 - type: integer 
	Parameter C_INITB_VAL bound to: 0 - type: string 
	Parameter C_HAS_ENB bound to: 0 - type: integer 
	Parameter C_HAS_REGCEB bound to: 0 - type: integer 
	Parameter C_USE_BYTE_WEB bound to: 0 - type: integer 
	Parameter C_WEB_WIDTH bound to: 1 - type: integer 
	Parameter C_WRITE_MODE_B bound to: WRITE_FIRST - type: string 
	Parameter C_WRITE_WIDTH_B bound to: 16 - type: integer 
	Parameter C_READ_WIDTH_B bound to: 16 - type: integer 
	Parameter C_WRITE_DEPTH_B bound to: 1024 - type: integer 
	Parameter C_READ_DEPTH_B bound to: 1024 - type: integer 
	Parameter C_ADDRB_WIDTH bound to: 10 - type: integer 
	Parameter C_HAS_MEM_OUTPUT_REGS_A bound to: 1 - type: integer 
	Parameter C_HAS_MEM_OUTPUT_REGS_B bound to: 0 - type: integer 
	Parameter C_HAS_MUX_OUTPUT_REGS_A bound to: 0 - type: integer 
	Parameter C_HAS_MUX_OUTPUT_REGS_B bound to: 0 - type: integer 
	Parameter C_MUX_PIPELINE_STAGES bound to: 0 - type: integer 
	Parameter C_HAS_SOFTECC_INPUT_REGS_A bound to: 0 - type: integer 
	Parameter C_HAS_SOFTECC_OUTPUT_REGS_B bound to: 0 - type: integer 
	Parameter C_USE_SOFTECC bound to: 0 - type: integer 
	Parameter C_USE_ECC bound to: 0 - type: integer 
	Parameter C_EN_ECC_PIPE bound to: 0 - type: integer 
	Parameter C_HAS_INJECTERR bound to: 0 - type: integer 
	Parameter C_SIM_COLLISION_CHECK bound to: ALL - type: string 
	Parameter C_COMMON_CLK bound to: 0 - type: integer 
	Parameter C_DISABLE_WARN_BHV_COLL bound to: 0 - type: integer 
	Parameter C_EN_SLEEP_PIN bound to: 0 - type: integer 
	Parameter C_USE_URAM bound to: 0 - type: integer 
	Parameter C_EN_RDADDRA_CHG bound to: 0 - type: integer 
	Parameter C_EN_RDADDRB_CHG bound to: 0 - type: integer 
	Parameter C_EN_DEEPSLEEP_PIN bound to: 0 - type: integer 
	Parameter C_EN_SHUTDOWN_PIN bound to: 0 - type: integer 
	Parameter C_EN_SAFETY_CKT bound to: 0 - type: integer 
	Parameter C_DISABLE_WARN_BHV_RANGE bound to: 0 - type: integer 
	Parameter C_COUNT_36K_BRAM bound to: 0 - type: string 
	Parameter C_COUNT_18K_BRAM bound to: 1 - type: string 
	Parameter C_EST_POWER_SUMMARY bound to: Estimated Power for IP     :     1.3548 mW - type: string 
INFO: [Synth 8-3491] module 'blk_mem_gen_v8_4_1' declared at 'c:/Users/ashle/Documents/Current Classes/ECE-499/ECE449Main.srcs/sources_1/ip/blk_mem_gen_0/hdl/blk_mem_gen_v8_4_vhsyn_rfs.vhd:195313' bound to instance 'U0' of component 'blk_mem_gen_v8_4_1' [c:/Users/ashle/Documents/Current Classes/ECE-499/ECE449Main.srcs/sources_1/ip/blk_mem_gen_0/synth/blk_mem_gen_0.vhd:230]
INFO: [Synth 8-256] done synthesizing module 'blk_mem_gen_0' (9#1) [c:/Users/ashle/Documents/Current Classes/ECE-499/ECE449Main.srcs/sources_1/ip/blk_mem_gen_0/synth/blk_mem_gen_0.vhd:68]
WARNING: [Synth 8-3331] design blk_mem_gen_prim_wrapper_init has unconnected port SSRA
WARNING: [Synth 8-3331] design blk_mem_gen_prim_wrapper_init has unconnected port CLKB
WARNING: [Synth 8-3331] design blk_mem_gen_prim_wrapper_init has unconnected port SSRB
WARNING: [Synth 8-3331] design blk_mem_gen_prim_wrapper_init has unconnected port ENB
WARNING: [Synth 8-3331] design blk_mem_gen_prim_wrapper_init has unconnected port REGCEB
WARNING: [Synth 8-3331] design blk_mem_gen_prim_wrapper_init has unconnected port WEB[0]
WARNING: [Synth 8-3331] design blk_mem_gen_prim_wrapper_init has unconnected port ADDRB[9]
WARNING: [Synth 8-3331] design blk_mem_gen_prim_wrapper_init has unconnected port ADDRB[8]
WARNING: [Synth 8-3331] design blk_mem_gen_prim_wrapper_init has unconnected port ADDRB[7]
WARNING: [Synth 8-3331] design blk_mem_gen_prim_wrapper_init has unconnected port ADDRB[6]
WARNING: [Synth 8-3331] design blk_mem_gen_prim_wrapper_init has unconnected port ADDRB[5]
WARNING: [Synth 8-3331] design blk_mem_gen_prim_wrapper_init has unconnected port ADDRB[4]
WARNING: [Synth 8-3331] design blk_mem_gen_prim_wrapper_init has unconnected port ADDRB[3]
WARNING: [Synth 8-3331] design blk_mem_gen_prim_wrapper_init has unconnected port ADDRB[2]
WARNING: [Synth 8-3331] design blk_mem_gen_prim_wrapper_init has unconnected port ADDRB[1]
WARNING: [Synth 8-3331] design blk_mem_gen_prim_wrapper_init has unconnected port ADDRB[0]
WARNING: [Synth 8-3331] design blk_mem_gen_prim_wrapper_init has unconnected port DINB[17]
WARNING: [Synth 8-3331] design blk_mem_gen_prim_wrapper_init has unconnected port DINB[16]
WARNING: [Synth 8-3331] design blk_mem_gen_prim_wrapper_init has unconnected port DINB[15]
WARNING: [Synth 8-3331] design blk_mem_gen_prim_wrapper_init has unconnected port DINB[14]
WARNING: [Synth 8-3331] design blk_mem_gen_prim_wrapper_init has unconnected port DINB[13]
WARNING: [Synth 8-3331] design blk_mem_gen_prim_wrapper_init has unconnected port DINB[12]
WARNING: [Synth 8-3331] design blk_mem_gen_prim_wrapper_init has unconnected port DINB[11]
WARNING: [Synth 8-3331] design blk_mem_gen_prim_wrapper_init has unconnected port DINB[10]
WARNING: [Synth 8-3331] design blk_mem_gen_prim_wrapper_init has unconnected port DINB[9]
WARNING: [Synth 8-3331] design blk_mem_gen_prim_wrapper_init has unconnected port DINB[8]
WARNING: [Synth 8-3331] design blk_mem_gen_prim_wrapper_init has unconnected port DINB[7]
WARNING: [Synth 8-3331] design blk_mem_gen_prim_wrapper_init has unconnected port DINB[6]
WARNING: [Synth 8-3331] design blk_mem_gen_prim_wrapper_init has unconnected port DINB[5]
WARNING: [Synth 8-3331] design blk_mem_gen_prim_wrapper_init has unconnected port DINB[4]
WARNING: [Synth 8-3331] design blk_mem_gen_prim_wrapper_init has unconnected port DINB[3]
WARNING: [Synth 8-3331] design blk_mem_gen_prim_wrapper_init has unconnected port DINB[2]
WARNING: [Synth 8-3331] design blk_mem_gen_prim_wrapper_init has unconnected port DINB[1]
WARNING: [Synth 8-3331] design blk_mem_gen_prim_wrapper_init has unconnected port DINB[0]
WARNING: [Synth 8-3331] design blk_mem_gen_prim_wrapper_init has unconnected port SLEEP
WARNING: [Synth 8-3331] design blk_mem_gen_prim_wrapper_init has unconnected port INJECTSBITERR
WARNING: [Synth 8-3331] design blk_mem_gen_prim_wrapper_init has unconnected port INJECTDBITERR
WARNING: [Synth 8-3331] design blk_mem_gen_prim_wrapper_init has unconnected port ECCPIPECE
WARNING: [Synth 8-3331] design blk_mem_gen_prim_wrapper_init has unconnected port ram_rstram_b
WARNING: [Synth 8-3331] design blk_mem_gen_prim_wrapper_init has unconnected port ram_rstreg_b
WARNING: [Synth 8-3331] design blk_mem_gen_generic_cstr has unconnected port RSTA[0]
WARNING: [Synth 8-3331] design blk_mem_gen_generic_cstr has unconnected port WEA[1]
WARNING: [Synth 8-3331] design blk_mem_gen_generic_cstr has unconnected port REGCEB[0]
WARNING: [Synth 8-3331] design blk_mem_gen_generic_cstr has unconnected port WEB[1]
WARNING: [Synth 8-3331] design blk_mem_gen_generic_cstr has unconnected port INJECTSBITERR
WARNING: [Synth 8-3331] design blk_mem_gen_generic_cstr has unconnected port INJECTDBITERR
WARNING: [Synth 8-3331] design blk_mem_output_block has unconnected port CLKB
WARNING: [Synth 8-3331] design blk_mem_output_block has unconnected port DOUTB_I[15]
WARNING: [Synth 8-3331] design blk_mem_output_block has unconnected port DOUTB_I[14]
WARNING: [Synth 8-3331] design blk_mem_output_block has unconnected port DOUTB_I[13]
WARNING: [Synth 8-3331] design blk_mem_output_block has unconnected port DOUTB_I[12]
WARNING: [Synth 8-3331] design blk_mem_output_block has unconnected port DOUTB_I[11]
WARNING: [Synth 8-3331] design blk_mem_output_block has unconnected port DOUTB_I[10]
WARNING: [Synth 8-3331] design blk_mem_output_block has unconnected port DOUTB_I[9]
WARNING: [Synth 8-3331] design blk_mem_output_block has unconnected port DOUTB_I[8]
WARNING: [Synth 8-3331] design blk_mem_output_block has unconnected port DOUTB_I[7]
WARNING: [Synth 8-3331] design blk_mem_output_block has unconnected port DOUTB_I[6]
WARNING: [Synth 8-3331] design blk_mem_output_block has unconnected port DOUTB_I[5]
WARNING: [Synth 8-3331] design blk_mem_output_block has unconnected port DOUTB_I[4]
WARNING: [Synth 8-3331] design blk_mem_output_block has unconnected port DOUTB_I[3]
WARNING: [Synth 8-3331] design blk_mem_output_block has unconnected port DOUTB_I[2]
WARNING: [Synth 8-3331] design blk_mem_output_block has unconnected port DOUTB_I[1]
WARNING: [Synth 8-3331] design blk_mem_output_block has unconnected port DOUTB_I[0]
WARNING: [Synth 8-3331] design blk_mem_output_block has unconnected port SBITERR_I
WARNING: [Synth 8-3331] design blk_mem_output_block has unconnected port DBITERR_I
WARNING: [Synth 8-3331] design blk_mem_output_block has unconnected port RDADDRECC_I[9]
WARNING: [Synth 8-3331] design blk_mem_output_block has unconnected port RDADDRECC_I[8]
WARNING: [Synth 8-3331] design blk_mem_output_block has unconnected port RDADDRECC_I[7]
WARNING: [Synth 8-3331] design blk_mem_output_block has unconnected port RDADDRECC_I[6]
WARNING: [Synth 8-3331] design blk_mem_output_block has unconnected port RDADDRECC_I[5]
WARNING: [Synth 8-3331] design blk_mem_output_block has unconnected port RDADDRECC_I[4]
WARNING: [Synth 8-3331] design blk_mem_output_block has unconnected port RDADDRECC_I[3]
WARNING: [Synth 8-3331] design blk_mem_output_block has unconnected port RDADDRECC_I[2]
WARNING: [Synth 8-3331] design blk_mem_output_block has unconnected port RDADDRECC_I[1]
WARNING: [Synth 8-3331] design blk_mem_output_block has unconnected port RDADDRECC_I[0]
WARNING: [Synth 8-3331] design blk_mem_input_block has unconnected port RSTA
WARNING: [Synth 8-3331] design blk_mem_input_block has unconnected port REGCEA
WARNING: [Synth 8-3331] design blk_mem_input_block has unconnected port WEA[0]
WARNING: [Synth 8-3331] design blk_mem_input_block has unconnected port DINA[15]
WARNING: [Synth 8-3331] design blk_mem_input_block has unconnected port DINA[14]
WARNING: [Synth 8-3331] design blk_mem_input_block has unconnected port DINA[13]
WARNING: [Synth 8-3331] design blk_mem_input_block has unconnected port DINA[12]
WARNING: [Synth 8-3331] design blk_mem_input_block has unconnected port DINA[11]
WARNING: [Synth 8-3331] design blk_mem_input_block has unconnected port DINA[10]
WARNING: [Synth 8-3331] design blk_mem_input_block has unconnected port DINA[9]
WARNING: [Synth 8-3331] design blk_mem_input_block has unconnected port DINA[8]
WARNING: [Synth 8-3331] design blk_mem_input_block has unconnected port DINA[7]
WARNING: [Synth 8-3331] design blk_mem_input_block has unconnected port DINA[6]
WARNING: [Synth 8-3331] design blk_mem_input_block has unconnected port DINA[5]
WARNING: [Synth 8-3331] design blk_mem_input_block has unconnected port DINA[4]
WARNING: [Synth 8-3331] design blk_mem_input_block has unconnected port DINA[3]
WARNING: [Synth 8-3331] design blk_mem_input_block has unconnected port DINA[2]
WARNING: [Synth 8-3331] design blk_mem_input_block has unconnected port DINA[1]
WARNING: [Synth 8-3331] design blk_mem_input_block has unconnected port DINA[0]
WARNING: [Synth 8-3331] design blk_mem_input_block has unconnected port CLKB
WARNING: [Synth 8-3331] design blk_mem_input_block has unconnected port RSTB
WARNING: [Synth 8-3331] design blk_mem_input_block has unconnected port ENB
WARNING: [Synth 8-3331] design blk_mem_input_block has unconnected port REGCEB
WARNING: [Synth 8-3331] design blk_mem_input_block has unconnected port WEB[0]
WARNING: [Synth 8-3331] design blk_mem_input_block has unconnected port ADDRB[9]
INFO: [Common 17-14] Message 'Synth 8-3331' appears 100 times and further instances of the messages will be disabled. Use the Tcl command set_msg_config to change the current settings.
---------------------------------------------------------------------------------
Finished RTL Elaboration : Time (s): cpu = 00:01:12 ; elapsed = 00:01:15 . Memory (MB): peak = 603.047 ; gain = 364.332
---------------------------------------------------------------------------------

Report Check Netlist: 
+------+------------------+-------+---------+-------+------------------+
|      |Item              |Errors |Warnings |Status |Description       |
+------+------------------+-------+---------+-------+------------------+
|1     |multi_driven_nets |      0|        0|Passed |Multi driven nets |
+------+------------------+-------+---------+-------+------------------+
---------------------------------------------------------------------------------
Finished RTL Optimization Phase 1 : Time (s): cpu = 00:01:12 ; elapsed = 00:01:15 . Memory (MB): peak = 603.047 ; gain = 364.332
---------------------------------------------------------------------------------
INFO: [Netlist 29-17] Analyzing 1 Unisim elements for replacement
INFO: [Netlist 29-28] Unisim Transformation completed in 0 CPU seconds
INFO: [Device 21-403] Loading part xc7a35tcpg236-1
INFO: [Project 1-570] Preparing netlist for logic optimization

Processing XDC Constraints
Initializing timing engine
Parsing XDC File [c:/Users/ashle/Documents/Current Classes/ECE-499/ECE449Main.srcs/sources_1/ip/blk_mem_gen_0/blk_mem_gen_0_ooc.xdc] for cell 'U0'
Finished Parsing XDC File [c:/Users/ashle/Documents/Current Classes/ECE-499/ECE449Main.srcs/sources_1/ip/blk_mem_gen_0/blk_mem_gen_0_ooc.xdc] for cell 'U0'
Parsing XDC File [C:/Users/ashle/Documents/Current Classes/ECE-499/ECE449Main.runs/blk_mem_gen_0_synth_1/dont_touch.xdc]
Finished Parsing XDC File [C:/Users/ashle/Documents/Current Classes/ECE-499/ECE449Main.runs/blk_mem_gen_0_synth_1/dont_touch.xdc]
Completed Processing XDC Constraints

INFO: [Project 1-111] Unisim Transformation Summary:
No Unisim elements were transformed.

Constraint Validation Runtime : Time (s): cpu = 00:00:00 ; elapsed = 00:00:00.007 . Memory (MB): peak = 645.980 ; gain = 0.000
---------------------------------------------------------------------------------
Finished Constraint Validation : Time (s): cpu = 00:01:23 ; elapsed = 00:01:27 . Memory (MB): peak = 645.980 ; gain = 407.266
---------------------------------------------------------------------------------
---------------------------------------------------------------------------------
Start Loading Part and Timing Information
---------------------------------------------------------------------------------
Loading part: xc7a35tcpg236-1
---------------------------------------------------------------------------------
Finished Loading Part and Timing Information : Time (s): cpu = 00:01:23 ; elapsed = 00:01:27 . Memory (MB): peak = 645.980 ; gain = 407.266
---------------------------------------------------------------------------------
---------------------------------------------------------------------------------
Start Applying 'set_property' XDC Constraints
---------------------------------------------------------------------------------
Applied set_property DONT_TOUCH = true for U0. (constraint file  {C:/Users/ashle/Documents/Current Classes/ECE-499/ECE449Main.runs/blk_mem_gen_0_synth_1/dont_touch.xdc}, line 9).
---------------------------------------------------------------------------------
Finished applying 'set_property' XDC Constraints : Time (s): cpu = 00:01:23 ; elapsed = 00:01:27 . Memory (MB): peak = 645.980 ; gain = 407.266
---------------------------------------------------------------------------------
---------------------------------------------------------------------------------
Finished RTL Optimization Phase 2 : Time (s): cpu = 00:01:23 ; elapsed = 00:01:27 . Memory (MB): peak = 645.980 ; gain = 407.266
---------------------------------------------------------------------------------

Report RTL Partitions: 
+-+--------------+------------+----------+
| |RTL Partition |Replication |Instances |
+-+--------------+------------+----------+
+-+--------------+------------+----------+
---------------------------------------------------------------------------------
Start RTL Component Statistics 
---------------------------------------------------------------------------------
Detailed RTL Component Info : 
---------------------------------------------------------------------------------
Finished RTL Component Statistics 
---------------------------------------------------------------------------------
---------------------------------------------------------------------------------
Start RTL Hierarchical Component Statistics 
---------------------------------------------------------------------------------
Hierarchical RTL Component report 
---------------------------------------------------------------------------------
Finished RTL Hierarchical Component Statistics
---------------------------------------------------------------------------------
---------------------------------------------------------------------------------
Start Part Resource Summary
---------------------------------------------------------------------------------
Part Resources:
DSPs: 90 (col length:60)
BRAMs: 100 (col length: RAMB18 60 RAMB36 30)
---------------------------------------------------------------------------------
Finished Part Resource Summary
---------------------------------------------------------------------------------
---------------------------------------------------------------------------------
Start Cross Boundary and Area Optimization
---------------------------------------------------------------------------------
---------------------------------------------------------------------------------
Finished Cross Boundary and Area Optimization : Time (s): cpu = 00:01:23 ; elapsed = 00:01:27 . Memory (MB): peak = 645.980 ; gain = 407.266
---------------------------------------------------------------------------------

Report RTL Partitions: 
+-+--------------+------------+----------+
| |RTL Partition |Replication |Instances |
+-+--------------+------------+----------+
+-+--------------+------------+----------+
---------------------------------------------------------------------------------
Start Applying XDC Timing Constraints
---------------------------------------------------------------------------------
---------------------------------------------------------------------------------
Finished Applying XDC Timing Constraints : Time (s): cpu = 00:01:30 ; elapsed = 00:01:35 . Memory (MB): peak = 702.848 ; gain = 464.133
---------------------------------------------------------------------------------
---------------------------------------------------------------------------------
Start Timing Optimization
---------------------------------------------------------------------------------
---------------------------------------------------------------------------------
Finished Timing Optimization : Time (s): cpu = 00:01:30 ; elapsed = 00:01:35 . Memory (MB): peak = 702.848 ; gain = 464.133
---------------------------------------------------------------------------------

Report RTL Partitions: 
+-+--------------+------------+----------+
| |RTL Partition |Replication |Instances |
+-+--------------+------------+----------+
+-+--------------+------------+----------+
---------------------------------------------------------------------------------
Start Technology Mapping
---------------------------------------------------------------------------------
---------------------------------------------------------------------------------
Finished Technology Mapping : Time (s): cpu = 00:01:30 ; elapsed = 00:01:35 . Memory (MB): peak = 712.418 ; gain = 473.703
---------------------------------------------------------------------------------

Report RTL Partitions: 
+-+--------------+------------+----------+
| |RTL Partition |Replication |Instances |
+-+--------------+------------+----------+
+-+--------------+------------+----------+
---------------------------------------------------------------------------------
Start IO Insertion
---------------------------------------------------------------------------------
---------------------------------------------------------------------------------
Start Flattening Before IO Insertion
---------------------------------------------------------------------------------
---------------------------------------------------------------------------------
Finished Flattening Before IO Insertion
---------------------------------------------------------------------------------
---------------------------------------------------------------------------------
Start Final Netlist Cleanup
---------------------------------------------------------------------------------
---------------------------------------------------------------------------------
Finished Final Netlist Cleanup
---------------------------------------------------------------------------------
---------------------------------------------------------------------------------
Finished IO Insertion : Time (s): cpu = 00:01:31 ; elapsed = 00:01:35 . Memory (MB): peak = 712.418 ; gain = 473.703
---------------------------------------------------------------------------------

Report Check Netlist: 
+------+------------------+-------+---------+-------+------------------+
|      |Item              |Errors |Warnings |Status |Description       |
+------+------------------+-------+---------+-------+------------------+
|1     |multi_driven_nets |      0|        0|Passed |Multi driven nets |
+------+------------------+-------+---------+-------+------------------+
---------------------------------------------------------------------------------
Start Renaming Generated Instances
---------------------------------------------------------------------------------
---------------------------------------------------------------------------------
Finished Renaming Generated Instances : Time (s): cpu = 00:01:31 ; elapsed = 00:01:35 . Memory (MB): peak = 712.418 ; gain = 473.703
---------------------------------------------------------------------------------

Report RTL Partitions: 
+-+--------------+------------+----------+
| |RTL Partition |Replication |Instances |
+-+--------------+------------+----------+
+-+--------------+------------+----------+
---------------------------------------------------------------------------------
Start Rebuilding User Hierarchy
---------------------------------------------------------------------------------
---------------------------------------------------------------------------------
Finished Rebuilding User Hierarchy : Time (s): cpu = 00:01:31 ; elapsed = 00:01:35 . Memory (MB): peak = 712.418 ; gain = 473.703
---------------------------------------------------------------------------------
---------------------------------------------------------------------------------
Start Renaming Generated Ports
---------------------------------------------------------------------------------
---------------------------------------------------------------------------------
Finished Renaming Generated Ports : Time (s): cpu = 00:01:31 ; elapsed = 00:01:35 . Memory (MB): peak = 712.418 ; gain = 473.703
---------------------------------------------------------------------------------
---------------------------------------------------------------------------------
Start Handling Custom Attributes
---------------------------------------------------------------------------------
---------------------------------------------------------------------------------
Finished Handling Custom Attributes : Time (s): cpu = 00:01:31 ; elapsed = 00:01:35 . Memory (MB): peak = 712.418 ; gain = 473.703
---------------------------------------------------------------------------------
---------------------------------------------------------------------------------
Start Renaming Generated Nets
---------------------------------------------------------------------------------
---------------------------------------------------------------------------------
Finished Renaming Generated Nets : Time (s): cpu = 00:01:31 ; elapsed = 00:01:35 . Memory (MB): peak = 712.418 ; gain = 473.703
---------------------------------------------------------------------------------
---------------------------------------------------------------------------------
Start Writing Synthesis Report
---------------------------------------------------------------------------------

Report BlackBoxes: 
+-+--------------+----------+
| |BlackBox name |Instances |
+-+--------------+----------+
+-+--------------+----------+

Report Cell Usage: 
+------+---------+------+
|      |Cell     |Count |
+------+---------+------+
|1     |RAMB18E1 |     1|
+------+---------+------+

Report Instance Areas: 
+------+---------------------------------------------+------------------------------+------+
|      |Instance                                     |Module                        |Cells |
+------+---------------------------------------------+------------------------------+------+
|1     |top                                          |                              |     1|
|2     |  U0                                         |blk_mem_gen_v8_4_1            |     1|
|3     |    inst_blk_mem_gen                         |blk_mem_gen_v8_4_1_synth      |     1|
|4     |      \gnbram.gnativebmg.native_blk_mem_gen  |blk_mem_gen_top               |     1|
|5     |        \valid.cstr                          |blk_mem_gen_generic_cstr      |     1|
|6     |          \ramloop[0].ram.r                  |blk_mem_gen_prim_width        |     1|
|7     |            \prim_init.ram                   |blk_mem_gen_prim_wrapper_init |     1|
+------+---------------------------------------------+------------------------------+------+
---------------------------------------------------------------------------------
Finished Writing Synthesis Report : Time (s): cpu = 00:01:31 ; elapsed = 00:01:35 . Memory (MB): peak = 712.418 ; gain = 473.703
---------------------------------------------------------------------------------
Synthesis finished with 0 errors, 0 critical warnings and 181 warnings.
Synthesis Optimization Runtime : Time (s): cpu = 00:00:13 ; elapsed = 00:01:29 . Memory (MB): peak = 712.418 ; gain = 430.770
Synthesis Optimization Complete : Time (s): cpu = 00:01:31 ; elapsed = 00:01:36 . Memory (MB): peak = 712.418 ; gain = 473.703
INFO: [Project 1-571] Translating synthesized netlist
INFO: [Netlist 29-17] Analyzing 1 Unisim elements for replacement
INFO: [Netlist 29-28] Unisim Transformation completed in 0 CPU seconds
INFO: [Project 1-570] Preparing netlist for logic optimization
INFO: [Opt 31-138] Pushed 0 inverter(s) to 0 load pin(s).
INFO: [Project 1-111] Unisim Transformation Summary:
No Unisim elements were transformed.

INFO: [Common 17-83] Releasing license: Synthesis
17 Infos, 100 Warnings, 0 Critical Warnings and 0 Errors encountered.
synth_design completed successfully
synth_design: Time (s): cpu = 00:01:33 ; elapsed = 00:01:38 . Memory (MB): peak = 724.219 ; gain = 495.508
INFO: [Common 17-1381] The checkpoint 'C:/Users/ashle/Documents/Current Classes/ECE-499/ECE449Main.runs/blk_mem_gen_0_synth_1/blk_mem_gen_0.dcp' has been generated.
INFO: [Coretcl 2-1482] Added synthesis output to IP cache for IP c:/Users/ashle/Documents/Current Classes/ECE-499/ECE449Main.srcs/sources_1/ip/blk_mem_gen_0/blk_mem_gen_0.xci
INFO: [Coretcl 2-1174] Renamed 6 cell refs.
INFO: [Common 17-1381] The checkpoint 'C:/Users/ashle/Documents/Current Classes/ECE-499/ECE449Main.runs/blk_mem_gen_0_synth_1/blk_mem_gen_0.dcp' has been generated.
INFO: [runtcl-4] Executing : report_utilization -file blk_mem_gen_0_utilization_synth.rpt -pb blk_mem_gen_0_utilization_synth.pb
report_utilization: Time (s): cpu = 00:00:00 ; elapsed = 00:00:00.017 . Memory (MB): peak = 724.219 ; gain = 0.000
INFO: [Common 17-206] Exiting Vivado at Sun Apr  5 18:21:03 2026...
[Sun Apr  5 18:21:05 2026] blk_mem_gen_0_synth_1 finished
wait_on_run: Time (s): cpu = 00:00:04 ; elapsed = 00:01:45 . Memory (MB): peak = 1052.141 ; gain = 0.000
export_simulation -of_objects [get_files {{c:/Users/ashle/Documents/Current Classes/ECE-499/ECE449Main.srcs/sources_1/ip/blk_mem_gen_0/blk_mem_gen_0.xci}}] -directory {C:/Users/ashle/Documents/Current Classes/ECE-499/ECE449Main.ip_user_files/sim_scripts} -ip_user_files_dir {C:/Users/ashle/Documents/Current Classes/ECE-499/ECE449Main.ip_user_files} -ipstatic_source_dir {C:/Users/ashle/Documents/Current Classes/ECE-499/ECE449Main.ip_user_files/ipstatic} -lib_map_path [list {modelsim=C:/Users/ashle/Documents/Current Classes/ECE-499/ECE449Main.cache/compile_simlib/modelsim} {questa=C:/Users/ashle/Documents/Current Classes/ECE-499/ECE449Main.cache/compile_simlib/questa} {riviera=C:/Users/ashle/Documents/Current Classes/ECE-499/ECE449Main.cache/compile_simlib/riviera} {activehdl=C:/Users/ashle/Documents/Current Classes/ECE-499/ECE449Main.cache/compile_simlib/activehdl}] -use_ip_compiled_libs -force -quiet
launch_simulation
INFO: [Vivado 12-5698] Checking validity of IPs in the design for the 'XSim' simulator...
INFO: [Vivado 12-5682] Launching behavioral simulation in 'C:/Users/ashle/Documents/Current Classes/ECE-499/ECE449Main.sim/sim_1/behav/xsim'
INFO: [Vivado 12-4795] Using compiled simulation libraries for IPs
INFO: [SIM-utils-51] Simulation object is 'sim_1'
INFO: [USF-XSim-7] Finding pre-compiled libraries...
INFO: [USF-XSim-11] File 'C:/Xilinx/Vivado/2017.4/data/xsim/ip/xsim_ip.ini' copied to run dir:'C:/Users/ashle/Documents/Current Classes/ECE-499/ECE449Main.sim/sim_1/behav/xsim'
INFO: [SIM-utils-54] Inspecting design source files for 'datapath_tb' in fileset 'sim_1'...
INFO: [SIM-utils-43] Exported 'C:/Users/ashle/Documents/Current Classes/ECE-499/ECE449Main.sim/sim_1/behav/xsim/FORMAT_B_Test_Part2.coe'
INFO: [SIM-utils-43] Exported 'C:/Users/ashle/Documents/Current Classes/ECE-499/ECE449Main.sim/sim_1/behav/xsim/blk_mem_gen_0.mif'
INFO: [USF-XSim-97] Finding global include files...
INFO: [USF-XSim-98] Fetching design files from 'sim_1'...
INFO: [USF-XSim-2] XSim::Compile design
INFO: [USF-XSim-61] Executing 'COMPILE and ANALYZE' step in 'C:/Users/ashle/Documents/Current Classes/ECE-499/ECE449Main.sim/sim_1/behav/xsim'
"xvhdl --incr --relax -prj datapath_tb_vhdl.prj"
INFO: [VRFC 10-163] Analyzing VHDL file "C:/Users/ashle/Documents/Current Classes/ECE-499/ECE449Main.srcs/sources_1/ip/blk_mem_gen_0/blk_mem_gen_0_sim_netlist.vhdl" into library xil_defaultlib
INFO: [VRFC 10-307] analyzing entity blk_mem_gen_0_blk_mem_gen_prim_wrapper_init
INFO: [VRFC 10-307] analyzing entity blk_mem_gen_0_blk_mem_gen_prim_width
INFO: [VRFC 10-307] analyzing entity blk_mem_gen_0_blk_mem_gen_generic_cstr
INFO: [VRFC 10-307] analyzing entity blk_mem_gen_0_blk_mem_gen_top
INFO: [VRFC 10-307] analyzing entity blk_mem_gen_0_blk_mem_gen_v8_4_1_synth
INFO: [VRFC 10-307] analyzing entity blk_mem_gen_0_blk_mem_gen_v8_4_1
INFO: [VRFC 10-307] analyzing entity blk_mem_gen_0
INFO: [VRFC 10-163] Analyzing VHDL file "C:/Users/ashle/Documents/Current Classes/ECE-499/ECE449Main.srcs/sources_1/imports/new/ALUv2.vhd" into library xil_defaultlib
INFO: [VRFC 10-307] analyzing entity ALUv2
INFO: [VRFC 10-163] Analyzing VHDL file "C:/Users/ashle/Documents/Current Classes/ECE-499/ECE449Main.srcs/sources_1/imports/new/BranchController.vhd" into library xil_defaultlib
INFO: [VRFC 10-307] analyzing entity BranchController
INFO: [VRFC 10-163] Analyzing VHDL file "C:/Users/ashle/Documents/Current Classes/ECE-499/ECE449Main.srcs/sources_1/imports/new/PC.vhd" into library xil_defaultlib
INFO: [VRFC 10-307] analyzing entity PC
INFO: [VRFC 10-163] Analyzing VHDL file "C:/Users/ashle/Documents/Current Classes/ECE-499/ECE449Main.srcs/sources_1/imports/new/RF8_16.vhd" into library xil_defaultlib
INFO: [VRFC 10-307] analyzing entity register_file
INFO: [VRFC 10-163] Analyzing VHDL file "C:/Users/ashle/Documents/Current Classes/ECE-499/ECE449Main.srcs/sources_1/imports/new/RegCtrl.vhd" into library xil_defaultlib
INFO: [VRFC 10-307] analyzing entity RegCtrl
INFO: [VRFC 10-163] Analyzing VHDL file "C:/Users/ashle/Documents/Current Classes/ECE-499/ECE449Main.srcs/sources_1/imports/new/datapath.vhd" into library xil_defaultlib
INFO: [VRFC 10-307] analyzing entity datapath
INFO: [VRFC 10-163] Analyzing VHDL file "C:/Users/ashle/Documents/Current Classes/ECE-499/ECE449Main.srcs/sources_1/imports/new/pipeline_registers/ex-mem.vhd" into library xil_defaultlib
INFO: [VRFC 10-307] analyzing entity ex_mem_register
INFO: [VRFC 10-163] Analyzing VHDL file "C:/Users/ashle/Documents/Current Classes/ECE-499/ECE449Main.srcs/sources_1/imports/new/pipeline_registers/id-ex.vhd" into library xil_defaultlib
INFO: [VRFC 10-307] analyzing entity id_ex_register
INFO: [VRFC 10-163] Analyzing VHDL file "C:/Users/ashle/Documents/Current Classes/ECE-499/ECE449Main.srcs/sources_1/imports/new/pipeline_registers/if-id.vhd" into library xil_defaultlib
INFO: [VRFC 10-307] analyzing entity if_id_register
INFO: [VRFC 10-163] Analyzing VHDL file "C:/Users/ashle/Documents/Current Classes/ECE-499/ECE449Main.srcs/sources_1/imports/new/pipeline_registers/mem-wb.vhd" into library xil_defaultlib
INFO: [VRFC 10-307] analyzing entity mem_wb_register
INFO: [VRFC 10-163] Analyzing VHDL file "C:/Users/ashle/Documents/Current Classes/ECE-499/ECE449Main.srcs/sim_1/imports/new/datapath_tb.vhd" into library xil_defaultlib
INFO: [VRFC 10-307] analyzing entity datapath_tb
INFO: [USF-XSim-69] 'compile' step finished in '1' seconds
INFO: [USF-XSim-3] XSim::Elaborate design
INFO: [USF-XSim-61] Executing 'ELABORATE' step in 'C:/Users/ashle/Documents/Current Classes/ECE-499/ECE449Main.sim/sim_1/behav/xsim'
Vivado Simulator 2017.4
Copyright 1986-1999, 2001-2016 Xilinx, Inc. All Rights Reserved.
Running: C:/Xilinx/Vivado/2017.4/bin/unwrapped/win64.o/xelab.exe -wto bd56acb4f8004fa8831a86f65c5f783c --incr --debug typical --relax --mt 2 -L xil_defaultlib -L secureip -L xpm --snapshot datapath_tb_behav xil_defaultlib.datapath_tb -log elaborate.log 
Using 2 slave threads.
Starting static elaboration
Completed static elaboration
Starting simulation data flow analysis
Completed simulation data flow analysis
Time Resolution for simulation is 1ps
Compiling package std.standard
Compiling package std.textio
Compiling package ieee.std_logic_1164
Compiling package ieee.numeric_std
Compiling package unisim.vcomponents
Compiling package ieee.std_logic_arith
Compiling package ieee.std_logic_signed
Compiling package ieee.std_logic_textio
Compiling package ieee.vital_timing
Compiling package ieee.vital_primitives
Compiling package unisim.vpkg
Compiling architecture behavioral of entity xil_defaultlib.BranchController [branchcontroller_default]
Compiling architecture behavioral of entity xil_defaultlib.PC [pc_default]
Compiling architecture gnd_v of entity unisim.GND [gnd_default]
Compiling architecture rb18_internal_vhdl_v of entity unisim.RB18_INTERNAL_VHDL [\RB18_INTERNAL_VHDL(bram_size=18...]
Compiling architecture ramb18e1_v of entity unisim.RAMB18E1 [\RAMB18E1(doa_reg=1,init_10="010...]
Compiling architecture structure of entity xil_defaultlib.blk_mem_gen_0_blk_mem_gen_prim_wrapper_init [blk_mem_gen_0_blk_mem_gen_prim_w...]
Compiling architecture structure of entity xil_defaultlib.blk_mem_gen_0_blk_mem_gen_prim_width [blk_mem_gen_0_blk_mem_gen_prim_w...]
Compiling architecture structure of entity xil_defaultlib.blk_mem_gen_0_blk_mem_gen_generic_cstr [blk_mem_gen_0_blk_mem_gen_generi...]
Compiling architecture structure of entity xil_defaultlib.blk_mem_gen_0_blk_mem_gen_top [blk_mem_gen_0_blk_mem_gen_top_de...]
Compiling architecture structure of entity xil_defaultlib.blk_mem_gen_0_blk_mem_gen_v8_4_1_synth [blk_mem_gen_0_blk_mem_gen_v8_4_1...]
Compiling architecture structure of entity xil_defaultlib.blk_mem_gen_0_blk_mem_gen_v8_4_1 [blk_mem_gen_0_blk_mem_gen_v8_4_1...]
Compiling architecture structure of entity xil_defaultlib.blk_mem_gen_0 [blk_mem_gen_0_default]
Compiling architecture rtl of entity xil_defaultlib.if_id_register [if_id_register_default]
Compiling architecture behavioral of entity xil_defaultlib.RegCtrl [regctrl_default]
Compiling architecture behavioural of entity xil_defaultlib.register_file [register_file_default]
Compiling architecture rtl of entity xil_defaultlib.id_ex_register [id_ex_register_default]
Compiling architecture behavioral of entity xil_defaultlib.ALUv2 [aluv2_default]
Compiling architecture rtl of entity xil_defaultlib.ex_mem_register [ex_mem_register_default]
Compiling architecture rtl of entity xil_defaultlib.mem_wb_register [mem_wb_register_default]
Compiling architecture behavioral of entity xil_defaultlib.datapath [datapath_default]
Compiling architecture simulate of entity xil_defaultlib.datapath_tb
Built simulation snapshot datapath_tb_behav

****** Webtalk v2017.4 (64-bit)
  **** SW Build 2086221 on Fri Dec 15 20:55:39 MST 2017
  **** IP Build 2085800 on Fri Dec 15 22:25:07 MST 2017
    ** Copyright 1986-2017 Xilinx, Inc. All Rights Reserved.

source C:/Users/ashle/Documents/Current -notrace
couldn't read file "C:/Users/ashle/Documents/Current": no such file or directory
INFO: [Common 17-206] Exiting Webtalk at Sun Apr  5 18:21:59 2026...
INFO: [USF-XSim-69] 'elaborate' step finished in '4' seconds
INFO: [USF-XSim-4] XSim::Simulate design
INFO: [USF-XSim-61] Executing 'SIMULATE' step in 'C:/Users/ashle/Documents/Current Classes/ECE-499/ECE449Main.sim/sim_1/behav/xsim'
INFO: [USF-XSim-98] *** Running xsim
   with args "datapath_tb_behav -key {Behavioral:sim_1:Functional:datapath_tb} -tclbatch {datapath_tb.tcl} -log {simulate.log}"
INFO: [USF-XSim-8] Loading simulator feature
Vivado Simulator 2017.4
Time resolution is 1 ps
source datapath_tb.tcl
# set curr_wave [current_wave_config]
# if { [string length $curr_wave] == 0 } {
#   if { [llength [get_objects]] > 0} {
#     add_wave /
#     set_property needs_save false [current_wave_config]
#   } else {
#      send_msg_id Add_Wave-1 WARNING "No top level signals found. Simulator will start without a wave window. If you want to open a wave window go to 'File->New Waveform Configuration' or type 'create_wave_config' in the TCL console."
#   }
# }
# run 1000ns
INFO: [USF-XSim-96] XSim completed. Design snapshot 'datapath_tb_behav' loaded.
INFO: [USF-XSim-97] XSim simulation ran for 1000ns
launch_simulation: Time (s): cpu = 00:00:05 ; elapsed = 00:00:08 . Memory (MB): peak = 1056.676 ; gain = 4.535
open_wave_config {C:/Users/ashle/Documents/Current Classes/ECE-499/datapath_tb_behav.wcfg}
WARNING: Simulation object /datapath_tb/uut/al/opcode was not found in the design.
WARNING: Simulation object /datapath_tb/uut/al/shiftop was not found in the design.
WARNING: Simulation object /datapath_tb/input was not found in the design.
WARNING: Simulation object /datapath_tb/uut/pr3/ra_dest_in was not found in the design.
WARNING: Simulation object /datapath_tb/uut/pr3/alu_result_in was not found in the design.
WARNING: Simulation object /datapath_tb/uut/pr3/ra_dest_out was not found in the design.
WARNING: Simulation object /datapath_tb/uut/pr3/alu_result_out was not found in the design.
WARNING: Simulation object /datapath_tb/uut/pr4/ra_dest_out was not found in the design.
run 10000 ns
add_wave {{/datapath_tb/uut/branch_pc_op}} 
add_wave {{/datapath_tb/uut/branch_set_pc}} 
save_wave_config {C:/Users/ashle/Documents/Current Classes/ECE-499/datapath_tb_behav.wcfg}
close_sim
INFO: [Simtcl 6-16] Simulation closed
launch_simulation
INFO: [Vivado 12-5698] Checking validity of IPs in the design for the 'XSim' simulator...
INFO: [Vivado 12-5682] Launching behavioral simulation in 'C:/Users/ashle/Documents/Current Classes/ECE-499/ECE449Main.sim/sim_1/behav/xsim'
INFO: [Vivado 12-4795] Using compiled simulation libraries for IPs
INFO: [SIM-utils-51] Simulation object is 'sim_1'
INFO: [USF-XSim-7] Finding pre-compiled libraries...
INFO: [USF-XSim-11] File 'C:/Xilinx/Vivado/2017.4/data/xsim/ip/xsim_ip.ini' copied to run dir:'C:/Users/ashle/Documents/Current Classes/ECE-499/ECE449Main.sim/sim_1/behav/xsim'
INFO: [SIM-utils-54] Inspecting design source files for 'datapath_tb' in fileset 'sim_1'...
INFO: [SIM-utils-43] Exported 'C:/Users/ashle/Documents/Current Classes/ECE-499/ECE449Main.sim/sim_1/behav/xsim/FORMAT_B_Test_Part2.coe'
INFO: [SIM-utils-43] Exported 'C:/Users/ashle/Documents/Current Classes/ECE-499/ECE449Main.sim/sim_1/behav/xsim/blk_mem_gen_0.mif'
INFO: [USF-XSim-97] Finding global include files...
INFO: [USF-XSim-98] Fetching design files from 'sim_1'...
INFO: [USF-XSim-2] XSim::Compile design
INFO: [USF-XSim-61] Executing 'COMPILE and ANALYZE' step in 'C:/Users/ashle/Documents/Current Classes/ECE-499/ECE449Main.sim/sim_1/behav/xsim'
"xvhdl --incr --relax -prj datapath_tb_vhdl.prj"
INFO: [USF-XSim-69] 'compile' step finished in '1' seconds
INFO: [USF-XSim-3] XSim::Elaborate design
INFO: [USF-XSim-61] Executing 'ELABORATE' step in 'C:/Users/ashle/Documents/Current Classes/ECE-499/ECE449Main.sim/sim_1/behav/xsim'
Vivado Simulator 2017.4
Copyright 1986-1999, 2001-2016 Xilinx, Inc. All Rights Reserved.
Running: C:/Xilinx/Vivado/2017.4/bin/unwrapped/win64.o/xelab.exe -wto bd56acb4f8004fa8831a86f65c5f783c --incr --debug typical --relax --mt 2 -L xil_defaultlib -L secureip -L xpm --snapshot datapath_tb_behav xil_defaultlib.datapath_tb -log elaborate.log 
Using 2 slave threads.
Starting static elaboration
Completed static elaboration
INFO: [XSIM 43-4323] No Change in HDL. Linking previously generated obj files to create kernel
INFO: [USF-XSim-69] 'elaborate' step finished in '2' seconds
INFO: [USF-XSim-4] XSim::Simulate design
INFO: [USF-XSim-61] Executing 'SIMULATE' step in 'C:/Users/ashle/Documents/Current Classes/ECE-499/ECE449Main.sim/sim_1/behav/xsim'
INFO: [USF-XSim-98] *** Running xsim
   with args "datapath_tb_behav -key {Behavioral:sim_1:Functional:datapath_tb} -tclbatch {datapath_tb.tcl} -log {simulate.log}"
INFO: [USF-XSim-8] Loading simulator feature
Vivado Simulator 2017.4
Time resolution is 1 ps
source datapath_tb.tcl
# set curr_wave [current_wave_config]
# if { [string length $curr_wave] == 0 } {
#   if { [llength [get_objects]] > 0} {
#     add_wave /
#     set_property needs_save false [current_wave_config]
#   } else {
#      send_msg_id Add_Wave-1 WARNING "No top level signals found. Simulator will start without a wave window. If you want to open a wave window go to 'File->New Waveform Configuration' or type 'create_wave_config' in the TCL console."
#   }
# }
# run 1000ns
INFO: [USF-XSim-96] XSim completed. Design snapshot 'datapath_tb_behav' loaded.
INFO: [USF-XSim-97] XSim simulation ran for 1000ns
run 10000 ns
open_wave_config {C:/Users/ashle/Documents/Current Classes/ECE-499/datapath_tb_behav.wcfg}
run 10000 ns
run 10000 ns
close_sim
INFO: [Simtcl 6-16] Simulation closed
launch_simulation
INFO: [Vivado 12-5698] Checking validity of IPs in the design for the 'XSim' simulator...
INFO: [Vivado 12-5682] Launching behavioral simulation in 'C:/Users/ashle/Documents/Current Classes/ECE-499/ECE449Main.sim/sim_1/behav/xsim'
INFO: [Vivado 12-4795] Using compiled simulation libraries for IPs
INFO: [SIM-utils-51] Simulation object is 'sim_1'
INFO: [USF-XSim-7] Finding pre-compiled libraries...
INFO: [USF-XSim-11] File 'C:/Xilinx/Vivado/2017.4/data/xsim/ip/xsim_ip.ini' copied to run dir:'C:/Users/ashle/Documents/Current Classes/ECE-499/ECE449Main.sim/sim_1/behav/xsim'
INFO: [SIM-utils-54] Inspecting design source files for 'datapath_tb' in fileset 'sim_1'...
INFO: [SIM-utils-43] Exported 'C:/Users/ashle/Documents/Current Classes/ECE-499/ECE449Main.sim/sim_1/behav/xsim/FORMAT_B_Test_Part2.coe'
INFO: [SIM-utils-43] Exported 'C:/Users/ashle/Documents/Current Classes/ECE-499/ECE449Main.sim/sim_1/behav/xsim/blk_mem_gen_0.mif'
INFO: [USF-XSim-97] Finding global include files...
INFO: [USF-XSim-98] Fetching design files from 'sim_1'...
INFO: [USF-XSim-2] XSim::Compile design
INFO: [USF-XSim-61] Executing 'COMPILE and ANALYZE' step in 'C:/Users/ashle/Documents/Current Classes/ECE-499/ECE449Main.sim/sim_1/behav/xsim'
"xvhdl --incr --relax -prj datapath_tb_vhdl.prj"
INFO: [USF-XSim-69] 'compile' step finished in '1' seconds
INFO: [USF-XSim-3] XSim::Elaborate design
INFO: [USF-XSim-61] Executing 'ELABORATE' step in 'C:/Users/ashle/Documents/Current Classes/ECE-499/ECE449Main.sim/sim_1/behav/xsim'
Vivado Simulator 2017.4
Copyright 1986-1999, 2001-2016 Xilinx, Inc. All Rights Reserved.
Running: C:/Xilinx/Vivado/2017.4/bin/unwrapped/win64.o/xelab.exe -wto bd56acb4f8004fa8831a86f65c5f783c --incr --debug typical --relax --mt 2 -L xil_defaultlib -L secureip -L xpm --snapshot datapath_tb_behav xil_defaultlib.datapath_tb -log elaborate.log 
Using 2 slave threads.
Starting static elaboration
Completed static elaboration
INFO: [XSIM 43-4323] No Change in HDL. Linking previously generated obj files to create kernel
INFO: [USF-XSim-69] 'elaborate' step finished in '1' seconds
INFO: [USF-XSim-4] XSim::Simulate design
INFO: [USF-XSim-61] Executing 'SIMULATE' step in 'C:/Users/ashle/Documents/Current Classes/ECE-499/ECE449Main.sim/sim_1/behav/xsim'
INFO: [USF-XSim-98] *** Running xsim
   with args "datapath_tb_behav -key {Behavioral:sim_1:Functional:datapath_tb} -tclbatch {datapath_tb.tcl} -log {simulate.log}"
INFO: [USF-XSim-8] Loading simulator feature
Vivado Simulator 2017.4
Time resolution is 1 ps
source datapath_tb.tcl
# set curr_wave [current_wave_config]
# if { [string length $curr_wave] == 0 } {
#   if { [llength [get_objects]] > 0} {
#     add_wave /
#     set_property needs_save false [current_wave_config]
#   } else {
#      send_msg_id Add_Wave-1 WARNING "No top level signals found. Simulator will start without a wave window. If you want to open a wave window go to 'File->New Waveform Configuration' or type 'create_wave_config' in the TCL console."
#   }
# }
# run 1000ns
INFO: [USF-XSim-96] XSim completed. Design snapshot 'datapath_tb_behav' loaded.
INFO: [USF-XSim-97] XSim simulation ran for 1000ns
open_wave_config {C:/Users/ashle/Documents/Current Classes/ECE-499/datapath_tb_behav.wcfg}
run 10000 ns
close_sim
INFO: [Simtcl 6-16] Simulation closed
launch_simulation
INFO: [Vivado 12-5698] Checking validity of IPs in the design for the 'XSim' simulator...
INFO: [Vivado 12-5682] Launching behavioral simulation in 'C:/Users/ashle/Documents/Current Classes/ECE-499/ECE449Main.sim/sim_1/behav/xsim'
INFO: [Vivado 12-4795] Using compiled simulation libraries for IPs
INFO: [SIM-utils-51] Simulation object is 'sim_1'
INFO: [USF-XSim-7] Finding pre-compiled libraries...
INFO: [USF-XSim-11] File 'C:/Xilinx/Vivado/2017.4/data/xsim/ip/xsim_ip.ini' copied to run dir:'C:/Users/ashle/Documents/Current Classes/ECE-499/ECE449Main.sim/sim_1/behav/xsim'
INFO: [SIM-utils-54] Inspecting design source files for 'datapath_tb' in fileset 'sim_1'...
INFO: [SIM-utils-43] Exported 'C:/Users/ashle/Documents/Current Classes/ECE-499/ECE449Main.sim/sim_1/behav/xsim/FORMAT_B_Test_Part2.coe'
INFO: [SIM-utils-43] Exported 'C:/Users/ashle/Documents/Current Classes/ECE-499/ECE449Main.sim/sim_1/behav/xsim/blk_mem_gen_0.mif'
INFO: [USF-XSim-97] Finding global include files...
INFO: [USF-XSim-98] Fetching design files from 'sim_1'...
INFO: [USF-XSim-2] XSim::Compile design
INFO: [USF-XSim-61] Executing 'COMPILE and ANALYZE' step in 'C:/Users/ashle/Documents/Current Classes/ECE-499/ECE449Main.sim/sim_1/behav/xsim'
"xvhdl --incr --relax -prj datapath_tb_vhdl.prj"
INFO: [VRFC 10-163] Analyzing VHDL file "C:/Users/ashle/Documents/Current Classes/ECE-499/ECE449Main.srcs/sources_1/imports/new/datapath.vhd" into library xil_defaultlib
INFO: [VRFC 10-307] analyzing entity datapath
INFO: [USF-XSim-69] 'compile' step finished in '1' seconds
INFO: [USF-XSim-3] XSim::Elaborate design
INFO: [USF-XSim-61] Executing 'ELABORATE' step in 'C:/Users/ashle/Documents/Current Classes/ECE-499/ECE449Main.sim/sim_1/behav/xsim'
Vivado Simulator 2017.4
Copyright 1986-1999, 2001-2016 Xilinx, Inc. All Rights Reserved.
Running: C:/Xilinx/Vivado/2017.4/bin/unwrapped/win64.o/xelab.exe -wto bd56acb4f8004fa8831a86f65c5f783c --incr --debug typical --relax --mt 2 -L xil_defaultlib -L secureip -L xpm --snapshot datapath_tb_behav xil_defaultlib.datapath_tb -log elaborate.log 
Using 2 slave threads.
Starting static elaboration
Completed static elaboration
Starting simulation data flow analysis
Completed simulation data flow analysis
Time Resolution for simulation is 1ps
Compiling package std.standard
Compiling package std.textio
Compiling package ieee.std_logic_1164
Compiling package ieee.numeric_std
Compiling package unisim.vcomponents
Compiling package ieee.std_logic_arith
Compiling package ieee.std_logic_signed
Compiling package ieee.std_logic_textio
Compiling package ieee.vital_timing
Compiling package ieee.vital_primitives
Compiling package unisim.vpkg
Compiling architecture behavioral of entity xil_defaultlib.BranchController [branchcontroller_default]
Compiling architecture behavioral of entity xil_defaultlib.PC [pc_default]
Compiling architecture gnd_v of entity unisim.GND [gnd_default]
Compiling architecture rb18_internal_vhdl_v of entity unisim.RB18_INTERNAL_VHDL [\RB18_INTERNAL_VHDL(bram_size=18...]
Compiling architecture ramb18e1_v of entity unisim.RAMB18E1 [\RAMB18E1(doa_reg=1,init_10="010...]
Compiling architecture structure of entity xil_defaultlib.blk_mem_gen_0_blk_mem_gen_prim_wrapper_init [blk_mem_gen_0_blk_mem_gen_prim_w...]
Compiling architecture structure of entity xil_defaultlib.blk_mem_gen_0_blk_mem_gen_prim_width [blk_mem_gen_0_blk_mem_gen_prim_w...]
Compiling architecture structure of entity xil_defaultlib.blk_mem_gen_0_blk_mem_gen_generic_cstr [blk_mem_gen_0_blk_mem_gen_generi...]
Compiling architecture structure of entity xil_defaultlib.blk_mem_gen_0_blk_mem_gen_top [blk_mem_gen_0_blk_mem_gen_top_de...]
Compiling architecture structure of entity xil_defaultlib.blk_mem_gen_0_blk_mem_gen_v8_4_1_synth [blk_mem_gen_0_blk_mem_gen_v8_4_1...]
Compiling architecture structure of entity xil_defaultlib.blk_mem_gen_0_blk_mem_gen_v8_4_1 [blk_mem_gen_0_blk_mem_gen_v8_4_1...]
Compiling architecture structure of entity xil_defaultlib.blk_mem_gen_0 [blk_mem_gen_0_default]
Compiling architecture rtl of entity xil_defaultlib.if_id_register [if_id_register_default]
Compiling architecture behavioral of entity xil_defaultlib.RegCtrl [regctrl_default]
Compiling architecture behavioural of entity xil_defaultlib.register_file [register_file_default]
Compiling architecture rtl of entity xil_defaultlib.id_ex_register [id_ex_register_default]
Compiling architecture behavioral of entity xil_defaultlib.ALUv2 [aluv2_default]
Compiling architecture rtl of entity xil_defaultlib.ex_mem_register [ex_mem_register_default]
Compiling architecture rtl of entity xil_defaultlib.mem_wb_register [mem_wb_register_default]
Compiling architecture behavioral of entity xil_defaultlib.datapath [datapath_default]
Compiling architecture simulate of entity xil_defaultlib.datapath_tb
Built simulation snapshot datapath_tb_behav
INFO: [USF-XSim-69] 'elaborate' step finished in '4' seconds
INFO: [USF-XSim-4] XSim::Simulate design
INFO: [USF-XSim-61] Executing 'SIMULATE' step in 'C:/Users/ashle/Documents/Current Classes/ECE-499/ECE449Main.sim/sim_1/behav/xsim'
INFO: [USF-XSim-98] *** Running xsim
   with args "datapath_tb_behav -key {Behavioral:sim_1:Functional:datapath_tb} -tclbatch {datapath_tb.tcl} -log {simulate.log}"
INFO: [USF-XSim-8] Loading simulator feature
Vivado Simulator 2017.4
Time resolution is 1 ps
source datapath_tb.tcl
# set curr_wave [current_wave_config]
# if { [string length $curr_wave] == 0 } {
#   if { [llength [get_objects]] > 0} {
#     add_wave /
#     set_property needs_save false [current_wave_config]
#   } else {
#      send_msg_id Add_Wave-1 WARNING "No top level signals found. Simulator will start without a wave window. If you want to open a wave window go to 'File->New Waveform Configuration' or type 'create_wave_config' in the TCL console."
#   }
# }
# run 1000ns
INFO: [USF-XSim-96] XSim completed. Design snapshot 'datapath_tb_behav' loaded.
INFO: [USF-XSim-97] XSim simulation ran for 1000ns
launch_simulation: Time (s): cpu = 00:00:02 ; elapsed = 00:00:07 . Memory (MB): peak = 1082.539 ; gain = 0.000
open_wave_config {C:/Users/ashle/Documents/Current Classes/ECE-499/datapath_tb_behav.wcfg}
run 10000 ns
close_sim
INFO: [Simtcl 6-16] Simulation closed
launch_simulation
INFO: [Vivado 12-5698] Checking validity of IPs in the design for the 'XSim' simulator...
INFO: [Vivado 12-5682] Launching behavioral simulation in 'C:/Users/ashle/Documents/Current Classes/ECE-499/ECE449Main.sim/sim_1/behav/xsim'
INFO: [Vivado 12-4795] Using compiled simulation libraries for IPs
INFO: [SIM-utils-51] Simulation object is 'sim_1'
INFO: [USF-XSim-7] Finding pre-compiled libraries...
INFO: [USF-XSim-11] File 'C:/Xilinx/Vivado/2017.4/data/xsim/ip/xsim_ip.ini' copied to run dir:'C:/Users/ashle/Documents/Current Classes/ECE-499/ECE449Main.sim/sim_1/behav/xsim'
INFO: [SIM-utils-54] Inspecting design source files for 'datapath_tb' in fileset 'sim_1'...
INFO: [SIM-utils-43] Exported 'C:/Users/ashle/Documents/Current Classes/ECE-499/ECE449Main.sim/sim_1/behav/xsim/FORMAT_B_Test_Part2.coe'
INFO: [SIM-utils-43] Exported 'C:/Users/ashle/Documents/Current Classes/ECE-499/ECE449Main.sim/sim_1/behav/xsim/blk_mem_gen_0.mif'
INFO: [USF-XSim-97] Finding global include files...
INFO: [USF-XSim-98] Fetching design files from 'sim_1'...
INFO: [USF-XSim-2] XSim::Compile design
INFO: [USF-XSim-61] Executing 'COMPILE and ANALYZE' step in 'C:/Users/ashle/Documents/Current Classes/ECE-499/ECE449Main.sim/sim_1/behav/xsim'
"xvhdl --incr --relax -prj datapath_tb_vhdl.prj"
INFO: [VRFC 10-163] Analyzing VHDL file "C:/Users/ashle/Documents/Current Classes/ECE-499/ECE449Main.srcs/sources_1/imports/new/datapath.vhd" into library xil_defaultlib
INFO: [VRFC 10-307] analyzing entity datapath
INFO: [USF-XSim-69] 'compile' step finished in '1' seconds
INFO: [USF-XSim-3] XSim::Elaborate design
INFO: [USF-XSim-61] Executing 'ELABORATE' step in 'C:/Users/ashle/Documents/Current Classes/ECE-499/ECE449Main.sim/sim_1/behav/xsim'
Vivado Simulator 2017.4
Copyright 1986-1999, 2001-2016 Xilinx, Inc. All Rights Reserved.
Running: C:/Xilinx/Vivado/2017.4/bin/unwrapped/win64.o/xelab.exe -wto bd56acb4f8004fa8831a86f65c5f783c --incr --debug typical --relax --mt 2 -L xil_defaultlib -L secureip -L xpm --snapshot datapath_tb_behav xil_defaultlib.datapath_tb -log elaborate.log 
Using 2 slave threads.
Starting static elaboration
Completed static elaboration
Starting simulation data flow analysis
Completed simulation data flow analysis
Time Resolution for simulation is 1ps
Compiling package std.standard
Compiling package std.textio
Compiling package ieee.std_logic_1164
Compiling package ieee.numeric_std
Compiling package unisim.vcomponents
Compiling package ieee.std_logic_arith
Compiling package ieee.std_logic_signed
Compiling package ieee.std_logic_textio
Compiling package ieee.vital_timing
Compiling package ieee.vital_primitives
Compiling package unisim.vpkg
Compiling architecture behavioral of entity xil_defaultlib.BranchController [branchcontroller_default]
Compiling architecture behavioral of entity xil_defaultlib.PC [pc_default]
Compiling architecture gnd_v of entity unisim.GND [gnd_default]
Compiling architecture rb18_internal_vhdl_v of entity unisim.RB18_INTERNAL_VHDL [\RB18_INTERNAL_VHDL(bram_size=18...]
Compiling architecture ramb18e1_v of entity unisim.RAMB18E1 [\RAMB18E1(doa_reg=1,init_10="010...]
Compiling architecture structure of entity xil_defaultlib.blk_mem_gen_0_blk_mem_gen_prim_wrapper_init [blk_mem_gen_0_blk_mem_gen_prim_w...]
Compiling architecture structure of entity xil_defaultlib.blk_mem_gen_0_blk_mem_gen_prim_width [blk_mem_gen_0_blk_mem_gen_prim_w...]
Compiling architecture structure of entity xil_defaultlib.blk_mem_gen_0_blk_mem_gen_generic_cstr [blk_mem_gen_0_blk_mem_gen_generi...]
Compiling architecture structure of entity xil_defaultlib.blk_mem_gen_0_blk_mem_gen_top [blk_mem_gen_0_blk_mem_gen_top_de...]
Compiling architecture structure of entity xil_defaultlib.blk_mem_gen_0_blk_mem_gen_v8_4_1_synth [blk_mem_gen_0_blk_mem_gen_v8_4_1...]
Compiling architecture structure of entity xil_defaultlib.blk_mem_gen_0_blk_mem_gen_v8_4_1 [blk_mem_gen_0_blk_mem_gen_v8_4_1...]
Compiling architecture structure of entity xil_defaultlib.blk_mem_gen_0 [blk_mem_gen_0_default]
Compiling architecture rtl of entity xil_defaultlib.if_id_register [if_id_register_default]
Compiling architecture behavioral of entity xil_defaultlib.RegCtrl [regctrl_default]
Compiling architecture behavioural of entity xil_defaultlib.register_file [register_file_default]
Compiling architecture rtl of entity xil_defaultlib.id_ex_register [id_ex_register_default]
Compiling architecture behavioral of entity xil_defaultlib.ALUv2 [aluv2_default]
Compiling architecture rtl of entity xil_defaultlib.ex_mem_register [ex_mem_register_default]
Compiling architecture rtl of entity xil_defaultlib.mem_wb_register [mem_wb_register_default]
Compiling architecture behavioral of entity xil_defaultlib.datapath [datapath_default]
Compiling architecture simulate of entity xil_defaultlib.datapath_tb
Built simulation snapshot datapath_tb_behav
INFO: [USF-XSim-69] 'elaborate' step finished in '3' seconds
INFO: [USF-XSim-4] XSim::Simulate design
INFO: [USF-XSim-61] Executing 'SIMULATE' step in 'C:/Users/ashle/Documents/Current Classes/ECE-499/ECE449Main.sim/sim_1/behav/xsim'
INFO: [USF-XSim-98] *** Running xsim
   with args "datapath_tb_behav -key {Behavioral:sim_1:Functional:datapath_tb} -tclbatch {datapath_tb.tcl} -log {simulate.log}"
INFO: [USF-XSim-8] Loading simulator feature
Vivado Simulator 2017.4
Time resolution is 1 ps
source datapath_tb.tcl
# set curr_wave [current_wave_config]
# if { [string length $curr_wave] == 0 } {
#   if { [llength [get_objects]] > 0} {
#     add_wave /
#     set_property needs_save false [current_wave_config]
#   } else {
#      send_msg_id Add_Wave-1 WARNING "No top level signals found. Simulator will start without a wave window. If you want to open a wave window go to 'File->New Waveform Configuration' or type 'create_wave_config' in the TCL console."
#   }
# }
# run 1000ns
INFO: [USF-XSim-96] XSim completed. Design snapshot 'datapath_tb_behav' loaded.
INFO: [USF-XSim-97] XSim simulation ran for 1000ns
launch_simulation: Time (s): cpu = 00:00:02 ; elapsed = 00:00:06 . Memory (MB): peak = 1083.258 ; gain = 0.000
open_wave_config {C:/Users/ashle/Documents/Current Classes/ECE-499/datapath_tb_behav.wcfg}
run 10000 ns
run 10000 ns
run 100000 ns
close_sim
INFO: [Simtcl 6-16] Simulation closed
launch_simulation
INFO: [Vivado 12-5698] Checking validity of IPs in the design for the 'XSim' simulator...
INFO: [Vivado 12-5682] Launching behavioral simulation in 'C:/Users/ashle/Documents/Current Classes/ECE-499/ECE449Main.sim/sim_1/behav/xsim'
INFO: [Vivado 12-4795] Using compiled simulation libraries for IPs
INFO: [SIM-utils-51] Simulation object is 'sim_1'
INFO: [USF-XSim-7] Finding pre-compiled libraries...
INFO: [USF-XSim-11] File 'C:/Xilinx/Vivado/2017.4/data/xsim/ip/xsim_ip.ini' copied to run dir:'C:/Users/ashle/Documents/Current Classes/ECE-499/ECE449Main.sim/sim_1/behav/xsim'
INFO: [SIM-utils-54] Inspecting design source files for 'datapath_tb' in fileset 'sim_1'...
INFO: [SIM-utils-43] Exported 'C:/Users/ashle/Documents/Current Classes/ECE-499/ECE449Main.sim/sim_1/behav/xsim/FORMAT_B_Test_Part2.coe'
INFO: [SIM-utils-43] Exported 'C:/Users/ashle/Documents/Current Classes/ECE-499/ECE449Main.sim/sim_1/behav/xsim/blk_mem_gen_0.mif'
INFO: [USF-XSim-97] Finding global include files...
INFO: [USF-XSim-98] Fetching design files from 'sim_1'...
INFO: [USF-XSim-2] XSim::Compile design
INFO: [USF-XSim-61] Executing 'COMPILE and ANALYZE' step in 'C:/Users/ashle/Documents/Current Classes/ECE-499/ECE449Main.sim/sim_1/behav/xsim'
"xvhdl --incr --relax -prj datapath_tb_vhdl.prj"
INFO: [VRFC 10-163] Analyzing VHDL file "C:/Users/ashle/Documents/Current Classes/ECE-499/ECE449Main.srcs/sources_1/imports/new/datapath.vhd" into library xil_defaultlib
INFO: [VRFC 10-307] analyzing entity datapath
ERROR: [VRFC 10-1412] syntax error near process [C:/Users/ashle/Documents/Current Classes/ECE-499/ECE449Main.srcs/sources_1/imports/new/datapath.vhd:318]
ERROR: [VRFC 10-1504] unit behavioral ignored due to previous errors [C:/Users/ashle/Documents/Current Classes/ECE-499/ECE449Main.srcs/sources_1/imports/new/datapath.vhd:42]
INFO: [VRFC 10-240] VHDL file C:/Users/ashle/Documents/Current Classes/ECE-499/ECE449Main.srcs/sources_1/imports/new/datapath.vhd ignored due to errors
INFO: [USF-XSim-69] 'compile' step finished in '1' seconds
INFO: [USF-XSim-99] Step results log file:'C:/Users/ashle/Documents/Current Classes/ECE-499/ECE449Main.sim/sim_1/behav/xsim/xvhdl.log'
ERROR: [USF-XSim-62] 'compile' step failed with error(s). Please check the Tcl console output or 'C:/Users/ashle/Documents/Current Classes/ECE-499/ECE449Main.sim/sim_1/behav/xsim/xvhdl.log' file for more information.
ERROR: [Vivado 12-4473] Detected error while running simulation. Please correct the issue and retry this operation.
ERROR: [Common 17-39] 'launch_simulation' failed due to earlier errors.
launch_simulation
INFO: [Vivado 12-5698] Checking validity of IPs in the design for the 'XSim' simulator...
INFO: [Vivado 12-5682] Launching behavioral simulation in 'C:/Users/ashle/Documents/Current Classes/ECE-499/ECE449Main.sim/sim_1/behav/xsim'
INFO: [Vivado 12-4795] Using compiled simulation libraries for IPs
INFO: [SIM-utils-51] Simulation object is 'sim_1'
INFO: [USF-XSim-7] Finding pre-compiled libraries...
INFO: [USF-XSim-11] File 'C:/Xilinx/Vivado/2017.4/data/xsim/ip/xsim_ip.ini' copied to run dir:'C:/Users/ashle/Documents/Current Classes/ECE-499/ECE449Main.sim/sim_1/behav/xsim'
INFO: [SIM-utils-54] Inspecting design source files for 'datapath_tb' in fileset 'sim_1'...
INFO: [SIM-utils-43] Exported 'C:/Users/ashle/Documents/Current Classes/ECE-499/ECE449Main.sim/sim_1/behav/xsim/FORMAT_B_Test_Part2.coe'
INFO: [SIM-utils-43] Exported 'C:/Users/ashle/Documents/Current Classes/ECE-499/ECE449Main.sim/sim_1/behav/xsim/blk_mem_gen_0.mif'
INFO: [USF-XSim-97] Finding global include files...
INFO: [USF-XSim-98] Fetching design files from 'sim_1'...
INFO: [USF-XSim-2] XSim::Compile design
INFO: [USF-XSim-61] Executing 'COMPILE and ANALYZE' step in 'C:/Users/ashle/Documents/Current Classes/ECE-499/ECE449Main.sim/sim_1/behav/xsim'
"xvhdl --incr --relax -prj datapath_tb_vhdl.prj"
INFO: [VRFC 10-163] Analyzing VHDL file "C:/Users/ashle/Documents/Current Classes/ECE-499/ECE449Main.srcs/sources_1/imports/new/datapath.vhd" into library xil_defaultlib
INFO: [VRFC 10-307] analyzing entity datapath
INFO: [USF-XSim-69] 'compile' step finished in '1' seconds
INFO: [USF-XSim-3] XSim::Elaborate design
INFO: [USF-XSim-61] Executing 'ELABORATE' step in 'C:/Users/ashle/Documents/Current Classes/ECE-499/ECE449Main.sim/sim_1/behav/xsim'
Vivado Simulator 2017.4
Copyright 1986-1999, 2001-2016 Xilinx, Inc. All Rights Reserved.
Running: C:/Xilinx/Vivado/2017.4/bin/unwrapped/win64.o/xelab.exe -wto bd56acb4f8004fa8831a86f65c5f783c --incr --debug typical --relax --mt 2 -L xil_defaultlib -L secureip -L xpm --snapshot datapath_tb_behav xil_defaultlib.datapath_tb -log elaborate.log 
Using 2 slave threads.
Starting static elaboration
Completed static elaboration
Starting simulation data flow analysis
Completed simulation data flow analysis
Time Resolution for simulation is 1ps
Compiling package std.standard
Compiling package std.textio
Compiling package ieee.std_logic_1164
Compiling package ieee.numeric_std
Compiling package unisim.vcomponents
Compiling package ieee.std_logic_arith
Compiling package ieee.std_logic_signed
Compiling package ieee.std_logic_textio
Compiling package ieee.vital_timing
Compiling package ieee.vital_primitives
Compiling package unisim.vpkg
Compiling architecture behavioral of entity xil_defaultlib.BranchController [branchcontroller_default]
Compiling architecture behavioral of entity xil_defaultlib.PC [pc_default]
Compiling architecture gnd_v of entity unisim.GND [gnd_default]
Compiling architecture rb18_internal_vhdl_v of entity unisim.RB18_INTERNAL_VHDL [\RB18_INTERNAL_VHDL(bram_size=18...]
Compiling architecture ramb18e1_v of entity unisim.RAMB18E1 [\RAMB18E1(doa_reg=1,init_10="010...]
Compiling architecture structure of entity xil_defaultlib.blk_mem_gen_0_blk_mem_gen_prim_wrapper_init [blk_mem_gen_0_blk_mem_gen_prim_w...]
Compiling architecture structure of entity xil_defaultlib.blk_mem_gen_0_blk_mem_gen_prim_width [blk_mem_gen_0_blk_mem_gen_prim_w...]
Compiling architecture structure of entity xil_defaultlib.blk_mem_gen_0_blk_mem_gen_generic_cstr [blk_mem_gen_0_blk_mem_gen_generi...]
Compiling architecture structure of entity xil_defaultlib.blk_mem_gen_0_blk_mem_gen_top [blk_mem_gen_0_blk_mem_gen_top_de...]
Compiling architecture structure of entity xil_defaultlib.blk_mem_gen_0_blk_mem_gen_v8_4_1_synth [blk_mem_gen_0_blk_mem_gen_v8_4_1...]
Compiling architecture structure of entity xil_defaultlib.blk_mem_gen_0_blk_mem_gen_v8_4_1 [blk_mem_gen_0_blk_mem_gen_v8_4_1...]
Compiling architecture structure of entity xil_defaultlib.blk_mem_gen_0 [blk_mem_gen_0_default]
Compiling architecture rtl of entity xil_defaultlib.if_id_register [if_id_register_default]
Compiling architecture behavioral of entity xil_defaultlib.RegCtrl [regctrl_default]
Compiling architecture behavioural of entity xil_defaultlib.register_file [register_file_default]
Compiling architecture rtl of entity xil_defaultlib.id_ex_register [id_ex_register_default]
Compiling architecture behavioral of entity xil_defaultlib.ALUv2 [aluv2_default]
Compiling architecture rtl of entity xil_defaultlib.ex_mem_register [ex_mem_register_default]
Compiling architecture rtl of entity xil_defaultlib.mem_wb_register [mem_wb_register_default]
Compiling architecture behavioral of entity xil_defaultlib.datapath [datapath_default]
Compiling architecture simulate of entity xil_defaultlib.datapath_tb
Built simulation snapshot datapath_tb_behav
INFO: [USF-XSim-69] 'elaborate' step finished in '3' seconds
INFO: [USF-XSim-4] XSim::Simulate design
INFO: [USF-XSim-61] Executing 'SIMULATE' step in 'C:/Users/ashle/Documents/Current Classes/ECE-499/ECE449Main.sim/sim_1/behav/xsim'
INFO: [USF-XSim-98] *** Running xsim
   with args "datapath_tb_behav -key {Behavioral:sim_1:Functional:datapath_tb} -tclbatch {datapath_tb.tcl} -log {simulate.log}"
INFO: [USF-XSim-8] Loading simulator feature
Vivado Simulator 2017.4
Time resolution is 1 ps
source datapath_tb.tcl
# set curr_wave [current_wave_config]
# if { [string length $curr_wave] == 0 } {
#   if { [llength [get_objects]] > 0} {
#     add_wave /
#     set_property needs_save false [current_wave_config]
#   } else {
#      send_msg_id Add_Wave-1 WARNING "No top level signals found. Simulator will start without a wave window. If you want to open a wave window go to 'File->New Waveform Configuration' or type 'create_wave_config' in the TCL console."
#   }
# }
# run 1000ns
INFO: [USF-XSim-96] XSim completed. Design snapshot 'datapath_tb_behav' loaded.
INFO: [USF-XSim-97] XSim simulation ran for 1000ns
launch_simulation: Time (s): cpu = 00:00:02 ; elapsed = 00:00:06 . Memory (MB): peak = 1090.918 ; gain = 0.000
open_wave_config {C:/Users/ashle/Documents/Current Classes/ECE-499/datapath_tb_behav.wcfg}
run 100000 ns
close_sim
INFO: [Simtcl 6-16] Simulation closed
launch_simulation
INFO: [Vivado 12-5698] Checking validity of IPs in the design for the 'XSim' simulator...
INFO: [Vivado 12-5682] Launching behavioral simulation in 'C:/Users/ashle/Documents/Current Classes/ECE-499/ECE449Main.sim/sim_1/behav/xsim'
INFO: [Vivado 12-4795] Using compiled simulation libraries for IPs
INFO: [SIM-utils-51] Simulation object is 'sim_1'
INFO: [USF-XSim-7] Finding pre-compiled libraries...
INFO: [USF-XSim-11] File 'C:/Xilinx/Vivado/2017.4/data/xsim/ip/xsim_ip.ini' copied to run dir:'C:/Users/ashle/Documents/Current Classes/ECE-499/ECE449Main.sim/sim_1/behav/xsim'
INFO: [SIM-utils-54] Inspecting design source files for 'datapath_tb' in fileset 'sim_1'...
INFO: [SIM-utils-43] Exported 'C:/Users/ashle/Documents/Current Classes/ECE-499/ECE449Main.sim/sim_1/behav/xsim/FORMAT_B_Test_Part2.coe'
INFO: [SIM-utils-43] Exported 'C:/Users/ashle/Documents/Current Classes/ECE-499/ECE449Main.sim/sim_1/behav/xsim/blk_mem_gen_0.mif'
INFO: [USF-XSim-97] Finding global include files...
INFO: [USF-XSim-98] Fetching design files from 'sim_1'...
INFO: [USF-XSim-2] XSim::Compile design
INFO: [USF-XSim-61] Executing 'COMPILE and ANALYZE' step in 'C:/Users/ashle/Documents/Current Classes/ECE-499/ECE449Main.sim/sim_1/behav/xsim'
"xvhdl --incr --relax -prj datapath_tb_vhdl.prj"
INFO: [VRFC 10-163] Analyzing VHDL file "C:/Users/ashle/Documents/Current Classes/ECE-499/ECE449Main.srcs/sources_1/imports/new/datapath.vhd" into library xil_defaultlib
INFO: [VRFC 10-307] analyzing entity datapath
INFO: [USF-XSim-69] 'compile' step finished in '1' seconds
INFO: [USF-XSim-3] XSim::Elaborate design
INFO: [USF-XSim-61] Executing 'ELABORATE' step in 'C:/Users/ashle/Documents/Current Classes/ECE-499/ECE449Main.sim/sim_1/behav/xsim'
Vivado Simulator 2017.4
Copyright 1986-1999, 2001-2016 Xilinx, Inc. All Rights Reserved.
Running: C:/Xilinx/Vivado/2017.4/bin/unwrapped/win64.o/xelab.exe -wto bd56acb4f8004fa8831a86f65c5f783c --incr --debug typical --relax --mt 2 -L xil_defaultlib -L secureip -L xpm --snapshot datapath_tb_behav xil_defaultlib.datapath_tb -log elaborate.log 
Using 2 slave threads.
Starting static elaboration
Completed static elaboration
Starting simulation data flow analysis
Completed simulation data flow analysis
Time Resolution for simulation is 1ps
Compiling package std.standard
Compiling package std.textio
Compiling package ieee.std_logic_1164
Compiling package ieee.numeric_std
Compiling package unisim.vcomponents
Compiling package ieee.std_logic_arith
Compiling package ieee.std_logic_signed
Compiling package ieee.std_logic_textio
Compiling package ieee.vital_timing
Compiling package ieee.vital_primitives
Compiling package unisim.vpkg
Compiling architecture behavioral of entity xil_defaultlib.BranchController [branchcontroller_default]
Compiling architecture behavioral of entity xil_defaultlib.PC [pc_default]
Compiling architecture gnd_v of entity unisim.GND [gnd_default]
Compiling architecture rb18_internal_vhdl_v of entity unisim.RB18_INTERNAL_VHDL [\RB18_INTERNAL_VHDL(bram_size=18...]
Compiling architecture ramb18e1_v of entity unisim.RAMB18E1 [\RAMB18E1(doa_reg=1,init_10="010...]
Compiling architecture structure of entity xil_defaultlib.blk_mem_gen_0_blk_mem_gen_prim_wrapper_init [blk_mem_gen_0_blk_mem_gen_prim_w...]
Compiling architecture structure of entity xil_defaultlib.blk_mem_gen_0_blk_mem_gen_prim_width [blk_mem_gen_0_blk_mem_gen_prim_w...]
Compiling architecture structure of entity xil_defaultlib.blk_mem_gen_0_blk_mem_gen_generic_cstr [blk_mem_gen_0_blk_mem_gen_generi...]
Compiling architecture structure of entity xil_defaultlib.blk_mem_gen_0_blk_mem_gen_top [blk_mem_gen_0_blk_mem_gen_top_de...]
Compiling architecture structure of entity xil_defaultlib.blk_mem_gen_0_blk_mem_gen_v8_4_1_synth [blk_mem_gen_0_blk_mem_gen_v8_4_1...]
Compiling architecture structure of entity xil_defaultlib.blk_mem_gen_0_blk_mem_gen_v8_4_1 [blk_mem_gen_0_blk_mem_gen_v8_4_1...]
Compiling architecture structure of entity xil_defaultlib.blk_mem_gen_0 [blk_mem_gen_0_default]
Compiling architecture rtl of entity xil_defaultlib.if_id_register [if_id_register_default]
Compiling architecture behavioral of entity xil_defaultlib.RegCtrl [regctrl_default]
Compiling architecture behavioural of entity xil_defaultlib.register_file [register_file_default]
Compiling architecture rtl of entity xil_defaultlib.id_ex_register [id_ex_register_default]
Compiling architecture behavioral of entity xil_defaultlib.ALUv2 [aluv2_default]
Compiling architecture rtl of entity xil_defaultlib.ex_mem_register [ex_mem_register_default]
Compiling architecture rtl of entity xil_defaultlib.mem_wb_register [mem_wb_register_default]
Compiling architecture behavioral of entity xil_defaultlib.datapath [datapath_default]
Compiling architecture simulate of entity xil_defaultlib.datapath_tb
Built simulation snapshot datapath_tb_behav
INFO: [USF-XSim-69] 'elaborate' step finished in '4' seconds
INFO: [USF-XSim-4] XSim::Simulate design
INFO: [USF-XSim-61] Executing 'SIMULATE' step in 'C:/Users/ashle/Documents/Current Classes/ECE-499/ECE449Main.sim/sim_1/behav/xsim'
INFO: [USF-XSim-98] *** Running xsim
   with args "datapath_tb_behav -key {Behavioral:sim_1:Functional:datapath_tb} -tclbatch {datapath_tb.tcl} -log {simulate.log}"
INFO: [USF-XSim-8] Loading simulator feature
Vivado Simulator 2017.4
Time resolution is 1 ps
source datapath_tb.tcl
# set curr_wave [current_wave_config]
# if { [string length $curr_wave] == 0 } {
#   if { [llength [get_objects]] > 0} {
#     add_wave /
#     set_property needs_save false [current_wave_config]
#   } else {
#      send_msg_id Add_Wave-1 WARNING "No top level signals found. Simulator will start without a wave window. If you want to open a wave window go to 'File->New Waveform Configuration' or type 'create_wave_config' in the TCL console."
#   }
# }
# run 1000ns
INFO: [USF-XSim-96] XSim completed. Design snapshot 'datapath_tb_behav' loaded.
INFO: [USF-XSim-97] XSim simulation ran for 1000ns
launch_simulation: Time (s): cpu = 00:00:03 ; elapsed = 00:00:07 . Memory (MB): peak = 1095.867 ; gain = 0.000
open_wave_config {C:/Users/ashle/Documents/Current Classes/ECE-499/datapath_tb_behav.wcfg}
run 100000 ns
close_sim
INFO: [Simtcl 6-16] Simulation closed
launch_simulation
INFO: [Vivado 12-5698] Checking validity of IPs in the design for the 'XSim' simulator...
INFO: [Vivado 12-5682] Launching behavioral simulation in 'C:/Users/ashle/Documents/Current Classes/ECE-499/ECE449Main.sim/sim_1/behav/xsim'
INFO: [Vivado 12-4795] Using compiled simulation libraries for IPs
INFO: [SIM-utils-51] Simulation object is 'sim_1'
INFO: [USF-XSim-7] Finding pre-compiled libraries...
INFO: [USF-XSim-11] File 'C:/Xilinx/Vivado/2017.4/data/xsim/ip/xsim_ip.ini' copied to run dir:'C:/Users/ashle/Documents/Current Classes/ECE-499/ECE449Main.sim/sim_1/behav/xsim'
INFO: [SIM-utils-54] Inspecting design source files for 'datapath_tb' in fileset 'sim_1'...
INFO: [SIM-utils-43] Exported 'C:/Users/ashle/Documents/Current Classes/ECE-499/ECE449Main.sim/sim_1/behav/xsim/FORMAT_B_Test_Part2.coe'
INFO: [SIM-utils-43] Exported 'C:/Users/ashle/Documents/Current Classes/ECE-499/ECE449Main.sim/sim_1/behav/xsim/blk_mem_gen_0.mif'
INFO: [USF-XSim-97] Finding global include files...
INFO: [USF-XSim-98] Fetching design files from 'sim_1'...
INFO: [USF-XSim-2] XSim::Compile design
INFO: [USF-XSim-61] Executing 'COMPILE and ANALYZE' step in 'C:/Users/ashle/Documents/Current Classes/ECE-499/ECE449Main.sim/sim_1/behav/xsim'
"xvhdl --incr --relax -prj datapath_tb_vhdl.prj"
INFO: [VRFC 10-163] Analyzing VHDL file "C:/Users/ashle/Documents/Current Classes/ECE-499/ECE449Main.srcs/sources_1/imports/new/datapath.vhd" into library xil_defaultlib
INFO: [VRFC 10-307] analyzing entity datapath
INFO: [USF-XSim-69] 'compile' step finished in '1' seconds
INFO: [USF-XSim-3] XSim::Elaborate design
INFO: [USF-XSim-61] Executing 'ELABORATE' step in 'C:/Users/ashle/Documents/Current Classes/ECE-499/ECE449Main.sim/sim_1/behav/xsim'
Vivado Simulator 2017.4
Copyright 1986-1999, 2001-2016 Xilinx, Inc. All Rights Reserved.
Running: C:/Xilinx/Vivado/2017.4/bin/unwrapped/win64.o/xelab.exe -wto bd56acb4f8004fa8831a86f65c5f783c --incr --debug typical --relax --mt 2 -L xil_defaultlib -L secureip -L xpm --snapshot datapath_tb_behav xil_defaultlib.datapath_tb -log elaborate.log 
Using 2 slave threads.
Starting static elaboration
Completed static elaboration
Starting simulation data flow analysis
Completed simulation data flow analysis
Time Resolution for simulation is 1ps
Compiling package std.standard
Compiling package std.textio
Compiling package ieee.std_logic_1164
Compiling package ieee.numeric_std
Compiling package unisim.vcomponents
Compiling package ieee.std_logic_arith
Compiling package ieee.std_logic_signed
Compiling package ieee.std_logic_textio
Compiling package ieee.vital_timing
Compiling package ieee.vital_primitives
Compiling package unisim.vpkg
Compiling architecture behavioral of entity xil_defaultlib.BranchController [branchcontroller_default]
Compiling architecture behavioral of entity xil_defaultlib.PC [pc_default]
Compiling architecture gnd_v of entity unisim.GND [gnd_default]
Compiling architecture rb18_internal_vhdl_v of entity unisim.RB18_INTERNAL_VHDL [\RB18_INTERNAL_VHDL(bram_size=18...]
Compiling architecture ramb18e1_v of entity unisim.RAMB18E1 [\RAMB18E1(doa_reg=1,init_10="010...]
Compiling architecture structure of entity xil_defaultlib.blk_mem_gen_0_blk_mem_gen_prim_wrapper_init [blk_mem_gen_0_blk_mem_gen_prim_w...]
Compiling architecture structure of entity xil_defaultlib.blk_mem_gen_0_blk_mem_gen_prim_width [blk_mem_gen_0_blk_mem_gen_prim_w...]
Compiling architecture structure of entity xil_defaultlib.blk_mem_gen_0_blk_mem_gen_generic_cstr [blk_mem_gen_0_blk_mem_gen_generi...]
Compiling architecture structure of entity xil_defaultlib.blk_mem_gen_0_blk_mem_gen_top [blk_mem_gen_0_blk_mem_gen_top_de...]
Compiling architecture structure of entity xil_defaultlib.blk_mem_gen_0_blk_mem_gen_v8_4_1_synth [blk_mem_gen_0_blk_mem_gen_v8_4_1...]
Compiling architecture structure of entity xil_defaultlib.blk_mem_gen_0_blk_mem_gen_v8_4_1 [blk_mem_gen_0_blk_mem_gen_v8_4_1...]
Compiling architecture structure of entity xil_defaultlib.blk_mem_gen_0 [blk_mem_gen_0_default]
Compiling architecture rtl of entity xil_defaultlib.if_id_register [if_id_register_default]
Compiling architecture behavioral of entity xil_defaultlib.RegCtrl [regctrl_default]
Compiling architecture behavioural of entity xil_defaultlib.register_file [register_file_default]
Compiling architecture rtl of entity xil_defaultlib.id_ex_register [id_ex_register_default]
Compiling architecture behavioral of entity xil_defaultlib.ALUv2 [aluv2_default]
Compiling architecture rtl of entity xil_defaultlib.ex_mem_register [ex_mem_register_default]
Compiling architecture rtl of entity xil_defaultlib.mem_wb_register [mem_wb_register_default]
Compiling architecture behavioral of entity xil_defaultlib.datapath [datapath_default]
Compiling architecture simulate of entity xil_defaultlib.datapath_tb
Built simulation snapshot datapath_tb_behav
INFO: [USF-XSim-69] 'elaborate' step finished in '4' seconds
INFO: [USF-XSim-4] XSim::Simulate design
INFO: [USF-XSim-61] Executing 'SIMULATE' step in 'C:/Users/ashle/Documents/Current Classes/ECE-499/ECE449Main.sim/sim_1/behav/xsim'
INFO: [USF-XSim-98] *** Running xsim
   with args "datapath_tb_behav -key {Behavioral:sim_1:Functional:datapath_tb} -tclbatch {datapath_tb.tcl} -log {simulate.log}"
INFO: [USF-XSim-8] Loading simulator feature
Vivado Simulator 2017.4
Time resolution is 1 ps
source datapath_tb.tcl
# set curr_wave [current_wave_config]
# if { [string length $curr_wave] == 0 } {
#   if { [llength [get_objects]] > 0} {
#     add_wave /
#     set_property needs_save false [current_wave_config]
#   } else {
#      send_msg_id Add_Wave-1 WARNING "No top level signals found. Simulator will start without a wave window. If you want to open a wave window go to 'File->New Waveform Configuration' or type 'create_wave_config' in the TCL console."
#   }
# }
# run 1000ns
INFO: [USF-XSim-96] XSim completed. Design snapshot 'datapath_tb_behav' loaded.
INFO: [USF-XSim-97] XSim simulation ran for 1000ns
launch_simulation: Time (s): cpu = 00:00:03 ; elapsed = 00:00:07 . Memory (MB): peak = 1103.828 ; gain = 0.000
open_wave_config {C:/Users/ashle/Documents/Current Classes/ECE-499/datapath_tb_behav.wcfg}
run 100000 ns
close_sim
INFO: [Simtcl 6-16] Simulation closed
launch_simulation
INFO: [Vivado 12-5698] Checking validity of IPs in the design for the 'XSim' simulator...
INFO: [Vivado 12-5682] Launching behavioral simulation in 'C:/Users/ashle/Documents/Current Classes/ECE-499/ECE449Main.sim/sim_1/behav/xsim'
INFO: [Vivado 12-4795] Using compiled simulation libraries for IPs
INFO: [SIM-utils-51] Simulation object is 'sim_1'
INFO: [USF-XSim-7] Finding pre-compiled libraries...
INFO: [USF-XSim-11] File 'C:/Xilinx/Vivado/2017.4/data/xsim/ip/xsim_ip.ini' copied to run dir:'C:/Users/ashle/Documents/Current Classes/ECE-499/ECE449Main.sim/sim_1/behav/xsim'
INFO: [SIM-utils-54] Inspecting design source files for 'datapath_tb' in fileset 'sim_1'...
INFO: [SIM-utils-43] Exported 'C:/Users/ashle/Documents/Current Classes/ECE-499/ECE449Main.sim/sim_1/behav/xsim/FORMAT_B_Test_Part2.coe'
INFO: [SIM-utils-43] Exported 'C:/Users/ashle/Documents/Current Classes/ECE-499/ECE449Main.sim/sim_1/behav/xsim/blk_mem_gen_0.mif'
INFO: [USF-XSim-97] Finding global include files...
INFO: [USF-XSim-98] Fetching design files from 'sim_1'...
INFO: [USF-XSim-2] XSim::Compile design
INFO: [USF-XSim-61] Executing 'COMPILE and ANALYZE' step in 'C:/Users/ashle/Documents/Current Classes/ECE-499/ECE449Main.sim/sim_1/behav/xsim'
"xvhdl --incr --relax -prj datapath_tb_vhdl.prj"
INFO: [VRFC 10-163] Analyzing VHDL file "C:/Users/ashle/Documents/Current Classes/ECE-499/ECE449Main.srcs/sources_1/imports/new/datapath.vhd" into library xil_defaultlib
INFO: [VRFC 10-307] analyzing entity datapath
ERROR: [VRFC 10-47] instr_ifid_in is already declared in this region [C:/Users/ashle/Documents/Current Classes/ECE-499/ECE449Main.srcs/sources_1/imports/new/datapath.vhd:76]
ERROR: [VRFC 10-1504] unit behavioral ignored due to previous errors [C:/Users/ashle/Documents/Current Classes/ECE-499/ECE449Main.srcs/sources_1/imports/new/datapath.vhd:42]
INFO: [VRFC 10-240] VHDL file C:/Users/ashle/Documents/Current Classes/ECE-499/ECE449Main.srcs/sources_1/imports/new/datapath.vhd ignored due to errors
INFO: [USF-XSim-69] 'compile' step finished in '1' seconds
INFO: [USF-XSim-99] Step results log file:'C:/Users/ashle/Documents/Current Classes/ECE-499/ECE449Main.sim/sim_1/behav/xsim/xvhdl.log'
ERROR: [USF-XSim-62] 'compile' step failed with error(s). Please check the Tcl console output or 'C:/Users/ashle/Documents/Current Classes/ECE-499/ECE449Main.sim/sim_1/behav/xsim/xvhdl.log' file for more information.
ERROR: [Vivado 12-4473] Detected error while running simulation. Please correct the issue and retry this operation.
ERROR: [Common 17-39] 'launch_simulation' failed due to earlier errors.
launch_simulation
INFO: [Vivado 12-5698] Checking validity of IPs in the design for the 'XSim' simulator...
INFO: [Vivado 12-5682] Launching behavioral simulation in 'C:/Users/ashle/Documents/Current Classes/ECE-499/ECE449Main.sim/sim_1/behav/xsim'
INFO: [Vivado 12-4795] Using compiled simulation libraries for IPs
INFO: [SIM-utils-51] Simulation object is 'sim_1'
INFO: [USF-XSim-7] Finding pre-compiled libraries...
INFO: [USF-XSim-11] File 'C:/Xilinx/Vivado/2017.4/data/xsim/ip/xsim_ip.ini' copied to run dir:'C:/Users/ashle/Documents/Current Classes/ECE-499/ECE449Main.sim/sim_1/behav/xsim'
INFO: [SIM-utils-54] Inspecting design source files for 'datapath_tb' in fileset 'sim_1'...
INFO: [SIM-utils-43] Exported 'C:/Users/ashle/Documents/Current Classes/ECE-499/ECE449Main.sim/sim_1/behav/xsim/FORMAT_B_Test_Part2.coe'
INFO: [SIM-utils-43] Exported 'C:/Users/ashle/Documents/Current Classes/ECE-499/ECE449Main.sim/sim_1/behav/xsim/blk_mem_gen_0.mif'
INFO: [USF-XSim-97] Finding global include files...
INFO: [USF-XSim-98] Fetching design files from 'sim_1'...
INFO: [USF-XSim-2] XSim::Compile design
INFO: [USF-XSim-61] Executing 'COMPILE and ANALYZE' step in 'C:/Users/ashle/Documents/Current Classes/ECE-499/ECE449Main.sim/sim_1/behav/xsim'
"xvhdl --incr --relax -prj datapath_tb_vhdl.prj"
INFO: [VRFC 10-163] Analyzing VHDL file "C:/Users/ashle/Documents/Current Classes/ECE-499/ECE449Main.srcs/sources_1/imports/new/datapath.vhd" into library xil_defaultlib
INFO: [VRFC 10-307] analyzing entity datapath
ERROR: [VRFC 10-47] instr_ifid_in is already declared in this region [C:/Users/ashle/Documents/Current Classes/ECE-499/ECE449Main.srcs/sources_1/imports/new/datapath.vhd:76]
ERROR: [VRFC 10-1504] unit behavioral ignored due to previous errors [C:/Users/ashle/Documents/Current Classes/ECE-499/ECE449Main.srcs/sources_1/imports/new/datapath.vhd:42]
INFO: [VRFC 10-240] VHDL file C:/Users/ashle/Documents/Current Classes/ECE-499/ECE449Main.srcs/sources_1/imports/new/datapath.vhd ignored due to errors
INFO: [USF-XSim-69] 'compile' step finished in '1' seconds
INFO: [USF-XSim-99] Step results log file:'C:/Users/ashle/Documents/Current Classes/ECE-499/ECE449Main.sim/sim_1/behav/xsim/xvhdl.log'
ERROR: [USF-XSim-62] 'compile' step failed with error(s). Please check the Tcl console output or 'C:/Users/ashle/Documents/Current Classes/ECE-499/ECE449Main.sim/sim_1/behav/xsim/xvhdl.log' file for more information.
ERROR: [Vivado 12-4473] Detected error while running simulation. Please correct the issue and retry this operation.
ERROR: [Common 17-39] 'launch_simulation' failed due to earlier errors.
launch_simulation
INFO: [Vivado 12-5698] Checking validity of IPs in the design for the 'XSim' simulator...
INFO: [Vivado 12-5682] Launching behavioral simulation in 'C:/Users/ashle/Documents/Current Classes/ECE-499/ECE449Main.sim/sim_1/behav/xsim'
INFO: [Vivado 12-4795] Using compiled simulation libraries for IPs
INFO: [SIM-utils-51] Simulation object is 'sim_1'
INFO: [USF-XSim-7] Finding pre-compiled libraries...
INFO: [USF-XSim-11] File 'C:/Xilinx/Vivado/2017.4/data/xsim/ip/xsim_ip.ini' copied to run dir:'C:/Users/ashle/Documents/Current Classes/ECE-499/ECE449Main.sim/sim_1/behav/xsim'
INFO: [SIM-utils-54] Inspecting design source files for 'datapath_tb' in fileset 'sim_1'...
INFO: [SIM-utils-43] Exported 'C:/Users/ashle/Documents/Current Classes/ECE-499/ECE449Main.sim/sim_1/behav/xsim/FORMAT_B_Test_Part2.coe'
INFO: [SIM-utils-43] Exported 'C:/Users/ashle/Documents/Current Classes/ECE-499/ECE449Main.sim/sim_1/behav/xsim/blk_mem_gen_0.mif'
INFO: [USF-XSim-97] Finding global include files...
INFO: [USF-XSim-98] Fetching design files from 'sim_1'...
INFO: [USF-XSim-2] XSim::Compile design
INFO: [USF-XSim-61] Executing 'COMPILE and ANALYZE' step in 'C:/Users/ashle/Documents/Current Classes/ECE-499/ECE449Main.sim/sim_1/behav/xsim'
"xvhdl --incr --relax -prj datapath_tb_vhdl.prj"
INFO: [VRFC 10-163] Analyzing VHDL file "C:/Users/ashle/Documents/Current Classes/ECE-499/ECE449Main.srcs/sources_1/imports/new/datapath.vhd" into library xil_defaultlib
INFO: [VRFC 10-307] analyzing entity datapath
INFO: [USF-XSim-69] 'compile' step finished in '1' seconds
INFO: [USF-XSim-3] XSim::Elaborate design
INFO: [USF-XSim-61] Executing 'ELABORATE' step in 'C:/Users/ashle/Documents/Current Classes/ECE-499/ECE449Main.sim/sim_1/behav/xsim'
Vivado Simulator 2017.4
Copyright 1986-1999, 2001-2016 Xilinx, Inc. All Rights Reserved.
Running: C:/Xilinx/Vivado/2017.4/bin/unwrapped/win64.o/xelab.exe -wto bd56acb4f8004fa8831a86f65c5f783c --incr --debug typical --relax --mt 2 -L xil_defaultlib -L secureip -L xpm --snapshot datapath_tb_behav xil_defaultlib.datapath_tb -log elaborate.log 
Using 2 slave threads.
Starting static elaboration
Completed static elaboration
Starting simulation data flow analysis
Completed simulation data flow analysis
Time Resolution for simulation is 1ps
Compiling package std.standard
Compiling package std.textio
Compiling package ieee.std_logic_1164
Compiling package ieee.numeric_std
Compiling package unisim.vcomponents
Compiling package ieee.std_logic_arith
Compiling package ieee.std_logic_signed
Compiling package ieee.std_logic_textio
Compiling package ieee.vital_timing
Compiling package ieee.vital_primitives
Compiling package unisim.vpkg
Compiling architecture behavioral of entity xil_defaultlib.BranchController [branchcontroller_default]
Compiling architecture behavioral of entity xil_defaultlib.PC [pc_default]
Compiling architecture gnd_v of entity unisim.GND [gnd_default]
Compiling architecture rb18_internal_vhdl_v of entity unisim.RB18_INTERNAL_VHDL [\RB18_INTERNAL_VHDL(bram_size=18...]
Compiling architecture ramb18e1_v of entity unisim.RAMB18E1 [\RAMB18E1(doa_reg=1,init_10="010...]
Compiling architecture structure of entity xil_defaultlib.blk_mem_gen_0_blk_mem_gen_prim_wrapper_init [blk_mem_gen_0_blk_mem_gen_prim_w...]
Compiling architecture structure of entity xil_defaultlib.blk_mem_gen_0_blk_mem_gen_prim_width [blk_mem_gen_0_blk_mem_gen_prim_w...]
Compiling architecture structure of entity xil_defaultlib.blk_mem_gen_0_blk_mem_gen_generic_cstr [blk_mem_gen_0_blk_mem_gen_generi...]
Compiling architecture structure of entity xil_defaultlib.blk_mem_gen_0_blk_mem_gen_top [blk_mem_gen_0_blk_mem_gen_top_de...]
Compiling architecture structure of entity xil_defaultlib.blk_mem_gen_0_blk_mem_gen_v8_4_1_synth [blk_mem_gen_0_blk_mem_gen_v8_4_1...]
Compiling architecture structure of entity xil_defaultlib.blk_mem_gen_0_blk_mem_gen_v8_4_1 [blk_mem_gen_0_blk_mem_gen_v8_4_1...]
Compiling architecture structure of entity xil_defaultlib.blk_mem_gen_0 [blk_mem_gen_0_default]
Compiling architecture rtl of entity xil_defaultlib.if_id_register [if_id_register_default]
Compiling architecture behavioral of entity xil_defaultlib.RegCtrl [regctrl_default]
Compiling architecture behavioural of entity xil_defaultlib.register_file [register_file_default]
Compiling architecture rtl of entity xil_defaultlib.id_ex_register [id_ex_register_default]
Compiling architecture behavioral of entity xil_defaultlib.ALUv2 [aluv2_default]
Compiling architecture rtl of entity xil_defaultlib.ex_mem_register [ex_mem_register_default]
Compiling architecture rtl of entity xil_defaultlib.mem_wb_register [mem_wb_register_default]
Compiling architecture behavioral of entity xil_defaultlib.datapath [datapath_default]
Compiling architecture simulate of entity xil_defaultlib.datapath_tb
Built simulation snapshot datapath_tb_behav
INFO: [USF-XSim-69] 'elaborate' step finished in '3' seconds
INFO: [USF-XSim-4] XSim::Simulate design
INFO: [USF-XSim-61] Executing 'SIMULATE' step in 'C:/Users/ashle/Documents/Current Classes/ECE-499/ECE449Main.sim/sim_1/behav/xsim'
INFO: [USF-XSim-98] *** Running xsim
   with args "datapath_tb_behav -key {Behavioral:sim_1:Functional:datapath_tb} -tclbatch {datapath_tb.tcl} -log {simulate.log}"
INFO: [USF-XSim-8] Loading simulator feature
Vivado Simulator 2017.4
Time resolution is 1 ps
source datapath_tb.tcl
# set curr_wave [current_wave_config]
# if { [string length $curr_wave] == 0 } {
#   if { [llength [get_objects]] > 0} {
#     add_wave /
#     set_property needs_save false [current_wave_config]
#   } else {
#      send_msg_id Add_Wave-1 WARNING "No top level signals found. Simulator will start without a wave window. If you want to open a wave window go to 'File->New Waveform Configuration' or type 'create_wave_config' in the TCL console."
#   }
# }
# run 1000ns
INFO: [USF-XSim-96] XSim completed. Design snapshot 'datapath_tb_behav' loaded.
INFO: [USF-XSim-97] XSim simulation ran for 1000ns
launch_simulation: Time (s): cpu = 00:00:02 ; elapsed = 00:00:06 . Memory (MB): peak = 1244.953 ; gain = 9.363
open_wave_config {C:/Users/ashle/Documents/Current Classes/ECE-499/datapath_tb_behav.wcfg}
run 100000 ns
close_sim
INFO: [Simtcl 6-16] Simulation closed
launch_simulation
INFO: [Vivado 12-5698] Checking validity of IPs in the design for the 'XSim' simulator...
INFO: [Vivado 12-5682] Launching behavioral simulation in 'C:/Users/ashle/Documents/Current Classes/ECE-499/ECE449Main.sim/sim_1/behav/xsim'
INFO: [Vivado 12-4795] Using compiled simulation libraries for IPs
INFO: [SIM-utils-51] Simulation object is 'sim_1'
INFO: [USF-XSim-7] Finding pre-compiled libraries...
INFO: [USF-XSim-11] File 'C:/Xilinx/Vivado/2017.4/data/xsim/ip/xsim_ip.ini' copied to run dir:'C:/Users/ashle/Documents/Current Classes/ECE-499/ECE449Main.sim/sim_1/behav/xsim'
INFO: [SIM-utils-54] Inspecting design source files for 'datapath_tb' in fileset 'sim_1'...
INFO: [SIM-utils-43] Exported 'C:/Users/ashle/Documents/Current Classes/ECE-499/ECE449Main.sim/sim_1/behav/xsim/FORMAT_B_Test_Part2.coe'
INFO: [SIM-utils-43] Exported 'C:/Users/ashle/Documents/Current Classes/ECE-499/ECE449Main.sim/sim_1/behav/xsim/blk_mem_gen_0.mif'
INFO: [USF-XSim-97] Finding global include files...
INFO: [USF-XSim-98] Fetching design files from 'sim_1'...
INFO: [USF-XSim-2] XSim::Compile design
INFO: [USF-XSim-61] Executing 'COMPILE and ANALYZE' step in 'C:/Users/ashle/Documents/Current Classes/ECE-499/ECE449Main.sim/sim_1/behav/xsim'
"xvhdl --incr --relax -prj datapath_tb_vhdl.prj"
INFO: [VRFC 10-163] Analyzing VHDL file "C:/Users/ashle/Documents/Current Classes/ECE-499/ECE449Main.srcs/sources_1/imports/new/datapath.vhd" into library xil_defaultlib
INFO: [VRFC 10-307] analyzing entity datapath
INFO: [USF-XSim-69] 'compile' step finished in '1' seconds
INFO: [USF-XSim-3] XSim::Elaborate design
INFO: [USF-XSim-61] Executing 'ELABORATE' step in 'C:/Users/ashle/Documents/Current Classes/ECE-499/ECE449Main.sim/sim_1/behav/xsim'
Vivado Simulator 2017.4
Copyright 1986-1999, 2001-2016 Xilinx, Inc. All Rights Reserved.
Running: C:/Xilinx/Vivado/2017.4/bin/unwrapped/win64.o/xelab.exe -wto bd56acb4f8004fa8831a86f65c5f783c --incr --debug typical --relax --mt 2 -L xil_defaultlib -L secureip -L xpm --snapshot datapath_tb_behav xil_defaultlib.datapath_tb -log elaborate.log 
Using 2 slave threads.
Starting static elaboration
Completed static elaboration
Starting simulation data flow analysis
Completed simulation data flow analysis
Time Resolution for simulation is 1ps
Compiling package std.standard
Compiling package std.textio
Compiling package ieee.std_logic_1164
Compiling package ieee.numeric_std
Compiling package unisim.vcomponents
Compiling package ieee.std_logic_arith
Compiling package ieee.std_logic_signed
Compiling package ieee.std_logic_textio
Compiling package ieee.vital_timing
Compiling package ieee.vital_primitives
Compiling package unisim.vpkg
Compiling architecture behavioral of entity xil_defaultlib.BranchController [branchcontroller_default]
Compiling architecture behavioral of entity xil_defaultlib.PC [pc_default]
Compiling architecture gnd_v of entity unisim.GND [gnd_default]
Compiling architecture rb18_internal_vhdl_v of entity unisim.RB18_INTERNAL_VHDL [\RB18_INTERNAL_VHDL(bram_size=18...]
Compiling architecture ramb18e1_v of entity unisim.RAMB18E1 [\RAMB18E1(doa_reg=1,init_10="010...]
Compiling architecture structure of entity xil_defaultlib.blk_mem_gen_0_blk_mem_gen_prim_wrapper_init [blk_mem_gen_0_blk_mem_gen_prim_w...]
Compiling architecture structure of entity xil_defaultlib.blk_mem_gen_0_blk_mem_gen_prim_width [blk_mem_gen_0_blk_mem_gen_prim_w...]
Compiling architecture structure of entity xil_defaultlib.blk_mem_gen_0_blk_mem_gen_generic_cstr [blk_mem_gen_0_blk_mem_gen_generi...]
Compiling architecture structure of entity xil_defaultlib.blk_mem_gen_0_blk_mem_gen_top [blk_mem_gen_0_blk_mem_gen_top_de...]
Compiling architecture structure of entity xil_defaultlib.blk_mem_gen_0_blk_mem_gen_v8_4_1_synth [blk_mem_gen_0_blk_mem_gen_v8_4_1...]
Compiling architecture structure of entity xil_defaultlib.blk_mem_gen_0_blk_mem_gen_v8_4_1 [blk_mem_gen_0_blk_mem_gen_v8_4_1...]
Compiling architecture structure of entity xil_defaultlib.blk_mem_gen_0 [blk_mem_gen_0_default]
Compiling architecture rtl of entity xil_defaultlib.if_id_register [if_id_register_default]
Compiling architecture behavioral of entity xil_defaultlib.RegCtrl [regctrl_default]
Compiling architecture behavioural of entity xil_defaultlib.register_file [register_file_default]
Compiling architecture rtl of entity xil_defaultlib.id_ex_register [id_ex_register_default]
Compiling architecture behavioral of entity xil_defaultlib.ALUv2 [aluv2_default]
Compiling architecture rtl of entity xil_defaultlib.ex_mem_register [ex_mem_register_default]
Compiling architecture rtl of entity xil_defaultlib.mem_wb_register [mem_wb_register_default]
Compiling architecture behavioral of entity xil_defaultlib.datapath [datapath_default]
Compiling architecture simulate of entity xil_defaultlib.datapath_tb
Built simulation snapshot datapath_tb_behav
INFO: [USF-XSim-69] 'elaborate' step finished in '3' seconds
INFO: [USF-XSim-4] XSim::Simulate design
INFO: [USF-XSim-61] Executing 'SIMULATE' step in 'C:/Users/ashle/Documents/Current Classes/ECE-499/ECE449Main.sim/sim_1/behav/xsim'
INFO: [USF-XSim-98] *** Running xsim
   with args "datapath_tb_behav -key {Behavioral:sim_1:Functional:datapath_tb} -tclbatch {datapath_tb.tcl} -log {simulate.log}"
INFO: [USF-XSim-8] Loading simulator feature
Vivado Simulator 2017.4
Time resolution is 1 ps
source datapath_tb.tcl
# set curr_wave [current_wave_config]
# if { [string length $curr_wave] == 0 } {
#   if { [llength [get_objects]] > 0} {
#     add_wave /
#     set_property needs_save false [current_wave_config]
#   } else {
#      send_msg_id Add_Wave-1 WARNING "No top level signals found. Simulator will start without a wave window. If you want to open a wave window go to 'File->New Waveform Configuration' or type 'create_wave_config' in the TCL console."
#   }
# }
# run 1000ns
INFO: [USF-XSim-96] XSim completed. Design snapshot 'datapath_tb_behav' loaded.
INFO: [USF-XSim-97] XSim simulation ran for 1000ns
launch_simulation: Time (s): cpu = 00:00:02 ; elapsed = 00:00:06 . Memory (MB): peak = 1244.953 ; gain = 0.000
open_wave_config {C:/Users/ashle/Documents/Current Classes/ECE-499/datapath_tb_behav.wcfg}
run 10000 ns
close_sim
INFO: [Simtcl 6-16] Simulation closed
launch_simulation
INFO: [Vivado 12-5698] Checking validity of IPs in the design for the 'XSim' simulator...
INFO: [Vivado 12-5682] Launching behavioral simulation in 'C:/Users/ashle/Documents/Current Classes/ECE-499/ECE449Main.sim/sim_1/behav/xsim'
INFO: [Vivado 12-4795] Using compiled simulation libraries for IPs
INFO: [SIM-utils-51] Simulation object is 'sim_1'
INFO: [USF-XSim-7] Finding pre-compiled libraries...
INFO: [USF-XSim-11] File 'C:/Xilinx/Vivado/2017.4/data/xsim/ip/xsim_ip.ini' copied to run dir:'C:/Users/ashle/Documents/Current Classes/ECE-499/ECE449Main.sim/sim_1/behav/xsim'
INFO: [SIM-utils-54] Inspecting design source files for 'datapath_tb' in fileset 'sim_1'...
INFO: [SIM-utils-43] Exported 'C:/Users/ashle/Documents/Current Classes/ECE-499/ECE449Main.sim/sim_1/behav/xsim/FORMAT_B_Test_Part2.coe'
INFO: [SIM-utils-43] Exported 'C:/Users/ashle/Documents/Current Classes/ECE-499/ECE449Main.sim/sim_1/behav/xsim/blk_mem_gen_0.mif'
INFO: [USF-XSim-97] Finding global include files...
INFO: [USF-XSim-98] Fetching design files from 'sim_1'...
INFO: [USF-XSim-2] XSim::Compile design
INFO: [USF-XSim-61] Executing 'COMPILE and ANALYZE' step in 'C:/Users/ashle/Documents/Current Classes/ECE-499/ECE449Main.sim/sim_1/behav/xsim'
"xvhdl --incr --relax -prj datapath_tb_vhdl.prj"
INFO: [VRFC 10-163] Analyzing VHDL file "C:/Users/ashle/Documents/Current Classes/ECE-499/ECE449Main.srcs/sources_1/imports/new/datapath.vhd" into library xil_defaultlib
INFO: [VRFC 10-307] analyzing entity datapath
INFO: [USF-XSim-69] 'compile' step finished in '1' seconds
INFO: [USF-XSim-3] XSim::Elaborate design
INFO: [USF-XSim-61] Executing 'ELABORATE' step in 'C:/Users/ashle/Documents/Current Classes/ECE-499/ECE449Main.sim/sim_1/behav/xsim'
Vivado Simulator 2017.4
Copyright 1986-1999, 2001-2016 Xilinx, Inc. All Rights Reserved.
Running: C:/Xilinx/Vivado/2017.4/bin/unwrapped/win64.o/xelab.exe -wto bd56acb4f8004fa8831a86f65c5f783c --incr --debug typical --relax --mt 2 -L xil_defaultlib -L secureip -L xpm --snapshot datapath_tb_behav xil_defaultlib.datapath_tb -log elaborate.log 
Using 2 slave threads.
Starting static elaboration
Completed static elaboration
Starting simulation data flow analysis
Completed simulation data flow analysis
Time Resolution for simulation is 1ps
Compiling package std.standard
Compiling package std.textio
Compiling package ieee.std_logic_1164
Compiling package ieee.numeric_std
Compiling package unisim.vcomponents
Compiling package ieee.std_logic_arith
Compiling package ieee.std_logic_signed
Compiling package ieee.std_logic_textio
Compiling package ieee.vital_timing
Compiling package ieee.vital_primitives
Compiling package unisim.vpkg
Compiling architecture behavioral of entity xil_defaultlib.BranchController [branchcontroller_default]
Compiling architecture behavioral of entity xil_defaultlib.PC [pc_default]
Compiling architecture gnd_v of entity unisim.GND [gnd_default]
Compiling architecture rb18_internal_vhdl_v of entity unisim.RB18_INTERNAL_VHDL [\RB18_INTERNAL_VHDL(bram_size=18...]
Compiling architecture ramb18e1_v of entity unisim.RAMB18E1 [\RAMB18E1(doa_reg=1,init_10="010...]
Compiling architecture structure of entity xil_defaultlib.blk_mem_gen_0_blk_mem_gen_prim_wrapper_init [blk_mem_gen_0_blk_mem_gen_prim_w...]
Compiling architecture structure of entity xil_defaultlib.blk_mem_gen_0_blk_mem_gen_prim_width [blk_mem_gen_0_blk_mem_gen_prim_w...]
Compiling architecture structure of entity xil_defaultlib.blk_mem_gen_0_blk_mem_gen_generic_cstr [blk_mem_gen_0_blk_mem_gen_generi...]
Compiling architecture structure of entity xil_defaultlib.blk_mem_gen_0_blk_mem_gen_top [blk_mem_gen_0_blk_mem_gen_top_de...]
Compiling architecture structure of entity xil_defaultlib.blk_mem_gen_0_blk_mem_gen_v8_4_1_synth [blk_mem_gen_0_blk_mem_gen_v8_4_1...]
Compiling architecture structure of entity xil_defaultlib.blk_mem_gen_0_blk_mem_gen_v8_4_1 [blk_mem_gen_0_blk_mem_gen_v8_4_1...]
Compiling architecture structure of entity xil_defaultlib.blk_mem_gen_0 [blk_mem_gen_0_default]
Compiling architecture rtl of entity xil_defaultlib.if_id_register [if_id_register_default]
Compiling architecture behavioral of entity xil_defaultlib.RegCtrl [regctrl_default]
Compiling architecture behavioural of entity xil_defaultlib.register_file [register_file_default]
Compiling architecture rtl of entity xil_defaultlib.id_ex_register [id_ex_register_default]
Compiling architecture behavioral of entity xil_defaultlib.ALUv2 [aluv2_default]
Compiling architecture rtl of entity xil_defaultlib.ex_mem_register [ex_mem_register_default]
Compiling architecture rtl of entity xil_defaultlib.mem_wb_register [mem_wb_register_default]
Compiling architecture behavioral of entity xil_defaultlib.datapath [datapath_default]
Compiling architecture simulate of entity xil_defaultlib.datapath_tb
Built simulation snapshot datapath_tb_behav
INFO: [USF-XSim-69] 'elaborate' step finished in '2' seconds
INFO: [USF-XSim-4] XSim::Simulate design
INFO: [USF-XSim-61] Executing 'SIMULATE' step in 'C:/Users/ashle/Documents/Current Classes/ECE-499/ECE449Main.sim/sim_1/behav/xsim'
INFO: [USF-XSim-98] *** Running xsim
   with args "datapath_tb_behav -key {Behavioral:sim_1:Functional:datapath_tb} -tclbatch {datapath_tb.tcl} -log {simulate.log}"
INFO: [USF-XSim-8] Loading simulator feature
Vivado Simulator 2017.4
Time resolution is 1 ps
source datapath_tb.tcl
# set curr_wave [current_wave_config]
# if { [string length $curr_wave] == 0 } {
#   if { [llength [get_objects]] > 0} {
#     add_wave /
#     set_property needs_save false [current_wave_config]
#   } else {
#      send_msg_id Add_Wave-1 WARNING "No top level signals found. Simulator will start without a wave window. If you want to open a wave window go to 'File->New Waveform Configuration' or type 'create_wave_config' in the TCL console."
#   }
# }
# run 1000ns
INFO: [USF-XSim-96] XSim completed. Design snapshot 'datapath_tb_behav' loaded.
INFO: [USF-XSim-97] XSim simulation ran for 1000ns
launch_simulation: Time (s): cpu = 00:00:02 ; elapsed = 00:00:06 . Memory (MB): peak = 1429.852 ; gain = 0.000
open_wave_config {C:/Users/ashle/Documents/Current Classes/ECE-499/datapath_tb_behav.wcfg}
run 10000 ns
close_sim
INFO: [Simtcl 6-16] Simulation closed
launch_simulation
INFO: [Vivado 12-5698] Checking validity of IPs in the design for the 'XSim' simulator...
INFO: [Vivado 12-5682] Launching behavioral simulation in 'C:/Users/ashle/Documents/Current Classes/ECE-499/ECE449Main.sim/sim_1/behav/xsim'
INFO: [Vivado 12-4795] Using compiled simulation libraries for IPs
INFO: [SIM-utils-51] Simulation object is 'sim_1'
INFO: [USF-XSim-7] Finding pre-compiled libraries...
INFO: [USF-XSim-11] File 'C:/Xilinx/Vivado/2017.4/data/xsim/ip/xsim_ip.ini' copied to run dir:'C:/Users/ashle/Documents/Current Classes/ECE-499/ECE449Main.sim/sim_1/behav/xsim'
INFO: [SIM-utils-54] Inspecting design source files for 'datapath_tb' in fileset 'sim_1'...
INFO: [SIM-utils-43] Exported 'C:/Users/ashle/Documents/Current Classes/ECE-499/ECE449Main.sim/sim_1/behav/xsim/FORMAT_B_Test_Part2.coe'
INFO: [SIM-utils-43] Exported 'C:/Users/ashle/Documents/Current Classes/ECE-499/ECE449Main.sim/sim_1/behav/xsim/blk_mem_gen_0.mif'
INFO: [USF-XSim-97] Finding global include files...
INFO: [USF-XSim-98] Fetching design files from 'sim_1'...
INFO: [USF-XSim-2] XSim::Compile design
INFO: [USF-XSim-61] Executing 'COMPILE and ANALYZE' step in 'C:/Users/ashle/Documents/Current Classes/ECE-499/ECE449Main.sim/sim_1/behav/xsim'
"xvhdl --incr --relax -prj datapath_tb_vhdl.prj"
INFO: [VRFC 10-163] Analyzing VHDL file "C:/Users/ashle/Documents/Current Classes/ECE-499/ECE449Main.srcs/sources_1/imports/new/datapath.vhd" into library xil_defaultlib
INFO: [VRFC 10-307] analyzing entity datapath
INFO: [USF-XSim-69] 'compile' step finished in '1' seconds
INFO: [USF-XSim-3] XSim::Elaborate design
INFO: [USF-XSim-61] Executing 'ELABORATE' step in 'C:/Users/ashle/Documents/Current Classes/ECE-499/ECE449Main.sim/sim_1/behav/xsim'
Vivado Simulator 2017.4
Copyright 1986-1999, 2001-2016 Xilinx, Inc. All Rights Reserved.
Running: C:/Xilinx/Vivado/2017.4/bin/unwrapped/win64.o/xelab.exe -wto bd56acb4f8004fa8831a86f65c5f783c --incr --debug typical --relax --mt 2 -L xil_defaultlib -L secureip -L xpm --snapshot datapath_tb_behav xil_defaultlib.datapath_tb -log elaborate.log 
Using 2 slave threads.
Starting static elaboration
Completed static elaboration
Starting simulation data flow analysis
Completed simulation data flow analysis
Time Resolution for simulation is 1ps
Compiling package std.standard
Compiling package std.textio
Compiling package ieee.std_logic_1164
Compiling package ieee.numeric_std
Compiling package unisim.vcomponents
Compiling package ieee.std_logic_arith
Compiling package ieee.std_logic_signed
Compiling package ieee.std_logic_textio
Compiling package ieee.vital_timing
Compiling package ieee.vital_primitives
Compiling package unisim.vpkg
Compiling architecture behavioral of entity xil_defaultlib.BranchController [branchcontroller_default]
Compiling architecture behavioral of entity xil_defaultlib.PC [pc_default]
Compiling architecture gnd_v of entity unisim.GND [gnd_default]
Compiling architecture rb18_internal_vhdl_v of entity unisim.RB18_INTERNAL_VHDL [\RB18_INTERNAL_VHDL(bram_size=18...]
Compiling architecture ramb18e1_v of entity unisim.RAMB18E1 [\RAMB18E1(doa_reg=1,init_10="010...]
Compiling architecture structure of entity xil_defaultlib.blk_mem_gen_0_blk_mem_gen_prim_wrapper_init [blk_mem_gen_0_blk_mem_gen_prim_w...]
Compiling architecture structure of entity xil_defaultlib.blk_mem_gen_0_blk_mem_gen_prim_width [blk_mem_gen_0_blk_mem_gen_prim_w...]
Compiling architecture structure of entity xil_defaultlib.blk_mem_gen_0_blk_mem_gen_generic_cstr [blk_mem_gen_0_blk_mem_gen_generi...]
Compiling architecture structure of entity xil_defaultlib.blk_mem_gen_0_blk_mem_gen_top [blk_mem_gen_0_blk_mem_gen_top_de...]
Compiling architecture structure of entity xil_defaultlib.blk_mem_gen_0_blk_mem_gen_v8_4_1_synth [blk_mem_gen_0_blk_mem_gen_v8_4_1...]
Compiling architecture structure of entity xil_defaultlib.blk_mem_gen_0_blk_mem_gen_v8_4_1 [blk_mem_gen_0_blk_mem_gen_v8_4_1...]
Compiling architecture structure of entity xil_defaultlib.blk_mem_gen_0 [blk_mem_gen_0_default]
Compiling architecture rtl of entity xil_defaultlib.if_id_register [if_id_register_default]
Compiling architecture behavioral of entity xil_defaultlib.RegCtrl [regctrl_default]
Compiling architecture behavioural of entity xil_defaultlib.register_file [register_file_default]
Compiling architecture rtl of entity xil_defaultlib.id_ex_register [id_ex_register_default]
Compiling architecture behavioral of entity xil_defaultlib.ALUv2 [aluv2_default]
Compiling architecture rtl of entity xil_defaultlib.ex_mem_register [ex_mem_register_default]
Compiling architecture rtl of entity xil_defaultlib.mem_wb_register [mem_wb_register_default]
Compiling architecture behavioral of entity xil_defaultlib.datapath [datapath_default]
Compiling architecture simulate of entity xil_defaultlib.datapath_tb
Built simulation snapshot datapath_tb_behav
INFO: [USF-XSim-69] 'elaborate' step finished in '3' seconds
INFO: [USF-XSim-4] XSim::Simulate design
INFO: [USF-XSim-61] Executing 'SIMULATE' step in 'C:/Users/ashle/Documents/Current Classes/ECE-499/ECE449Main.sim/sim_1/behav/xsim'
INFO: [USF-XSim-98] *** Running xsim
   with args "datapath_tb_behav -key {Behavioral:sim_1:Functional:datapath_tb} -tclbatch {datapath_tb.tcl} -log {simulate.log}"
INFO: [USF-XSim-8] Loading simulator feature
Vivado Simulator 2017.4
Time resolution is 1 ps
source datapath_tb.tcl
# set curr_wave [current_wave_config]
# if { [string length $curr_wave] == 0 } {
#   if { [llength [get_objects]] > 0} {
#     add_wave /
#     set_property needs_save false [current_wave_config]
#   } else {
#      send_msg_id Add_Wave-1 WARNING "No top level signals found. Simulator will start without a wave window. If you want to open a wave window go to 'File->New Waveform Configuration' or type 'create_wave_config' in the TCL console."
#   }
# }
# run 1000ns
INFO: [USF-XSim-96] XSim completed. Design snapshot 'datapath_tb_behav' loaded.
INFO: [USF-XSim-97] XSim simulation ran for 1000ns
launch_simulation: Time (s): cpu = 00:00:02 ; elapsed = 00:00:06 . Memory (MB): peak = 1429.852 ; gain = 0.000
open_wave_config {C:/Users/ashle/Documents/Current Classes/ECE-499/datapath_tb_behav.wcfg}
run 10000 ns
save_wave_config {C:/Users/ashle/Documents/Current Classes/ECE-499/datapath_tb_behav.wcfg}
close_sim
INFO: [Simtcl 6-16] Simulation closed
launch_simulation
INFO: [Vivado 12-5698] Checking validity of IPs in the design for the 'XSim' simulator...
INFO: [Vivado 12-5682] Launching behavioral simulation in 'C:/Users/ashle/Documents/Current Classes/ECE-499/ECE449Main.sim/sim_1/behav/xsim'
INFO: [Vivado 12-4795] Using compiled simulation libraries for IPs
INFO: [SIM-utils-51] Simulation object is 'sim_1'
INFO: [USF-XSim-7] Finding pre-compiled libraries...
INFO: [USF-XSim-11] File 'C:/Xilinx/Vivado/2017.4/data/xsim/ip/xsim_ip.ini' copied to run dir:'C:/Users/ashle/Documents/Current Classes/ECE-499/ECE449Main.sim/sim_1/behav/xsim'
INFO: [SIM-utils-54] Inspecting design source files for 'datapath_tb' in fileset 'sim_1'...
INFO: [SIM-utils-43] Exported 'C:/Users/ashle/Documents/Current Classes/ECE-499/ECE449Main.sim/sim_1/behav/xsim/FORMAT_B_Test_Part2.coe'
INFO: [SIM-utils-43] Exported 'C:/Users/ashle/Documents/Current Classes/ECE-499/ECE449Main.sim/sim_1/behav/xsim/blk_mem_gen_0.mif'
INFO: [USF-XSim-97] Finding global include files...
INFO: [USF-XSim-98] Fetching design files from 'sim_1'...
INFO: [USF-XSim-2] XSim::Compile design
INFO: [USF-XSim-61] Executing 'COMPILE and ANALYZE' step in 'C:/Users/ashle/Documents/Current Classes/ECE-499/ECE449Main.sim/sim_1/behav/xsim'
"xvhdl --incr --relax -prj datapath_tb_vhdl.prj"
INFO: [VRFC 10-163] Analyzing VHDL file "C:/Users/ashle/Documents/Current Classes/ECE-499/ECE449Main.srcs/sources_1/imports/new/datapath.vhd" into library xil_defaultlib
INFO: [VRFC 10-307] analyzing entity datapath
INFO: [USF-XSim-69] 'compile' step finished in '1' seconds
INFO: [USF-XSim-3] XSim::Elaborate design
INFO: [USF-XSim-61] Executing 'ELABORATE' step in 'C:/Users/ashle/Documents/Current Classes/ECE-499/ECE449Main.sim/sim_1/behav/xsim'
Vivado Simulator 2017.4
Copyright 1986-1999, 2001-2016 Xilinx, Inc. All Rights Reserved.
Running: C:/Xilinx/Vivado/2017.4/bin/unwrapped/win64.o/xelab.exe -wto bd56acb4f8004fa8831a86f65c5f783c --incr --debug typical --relax --mt 2 -L xil_defaultlib -L secureip -L xpm --snapshot datapath_tb_behav xil_defaultlib.datapath_tb -log elaborate.log 
Using 2 slave threads.
Starting static elaboration
Completed static elaboration
Starting simulation data flow analysis
Completed simulation data flow analysis
Time Resolution for simulation is 1ps
Compiling package std.standard
Compiling package std.textio
Compiling package ieee.std_logic_1164
Compiling package ieee.numeric_std
Compiling package unisim.vcomponents
Compiling package ieee.std_logic_arith
Compiling package ieee.std_logic_signed
Compiling package ieee.std_logic_textio
Compiling package ieee.vital_timing
Compiling package ieee.vital_primitives
Compiling package unisim.vpkg
Compiling architecture behavioral of entity xil_defaultlib.BranchController [branchcontroller_default]
Compiling architecture behavioral of entity xil_defaultlib.PC [pc_default]
Compiling architecture gnd_v of entity unisim.GND [gnd_default]
Compiling architecture rb18_internal_vhdl_v of entity unisim.RB18_INTERNAL_VHDL [\RB18_INTERNAL_VHDL(bram_size=18...]
Compiling architecture ramb18e1_v of entity unisim.RAMB18E1 [\RAMB18E1(doa_reg=1,init_10="010...]
Compiling architecture structure of entity xil_defaultlib.blk_mem_gen_0_blk_mem_gen_prim_wrapper_init [blk_mem_gen_0_blk_mem_gen_prim_w...]
Compiling architecture structure of entity xil_defaultlib.blk_mem_gen_0_blk_mem_gen_prim_width [blk_mem_gen_0_blk_mem_gen_prim_w...]
Compiling architecture structure of entity xil_defaultlib.blk_mem_gen_0_blk_mem_gen_generic_cstr [blk_mem_gen_0_blk_mem_gen_generi...]
Compiling architecture structure of entity xil_defaultlib.blk_mem_gen_0_blk_mem_gen_top [blk_mem_gen_0_blk_mem_gen_top_de...]
Compiling architecture structure of entity xil_defaultlib.blk_mem_gen_0_blk_mem_gen_v8_4_1_synth [blk_mem_gen_0_blk_mem_gen_v8_4_1...]
Compiling architecture structure of entity xil_defaultlib.blk_mem_gen_0_blk_mem_gen_v8_4_1 [blk_mem_gen_0_blk_mem_gen_v8_4_1...]
Compiling architecture structure of entity xil_defaultlib.blk_mem_gen_0 [blk_mem_gen_0_default]
Compiling architecture rtl of entity xil_defaultlib.if_id_register [if_id_register_default]
Compiling architecture behavioral of entity xil_defaultlib.RegCtrl [regctrl_default]
Compiling architecture behavioural of entity xil_defaultlib.register_file [register_file_default]
Compiling architecture rtl of entity xil_defaultlib.id_ex_register [id_ex_register_default]
Compiling architecture behavioral of entity xil_defaultlib.ALUv2 [aluv2_default]
Compiling architecture rtl of entity xil_defaultlib.ex_mem_register [ex_mem_register_default]
Compiling architecture rtl of entity xil_defaultlib.mem_wb_register [mem_wb_register_default]
Compiling architecture behavioral of entity xil_defaultlib.datapath [datapath_default]
Compiling architecture simulate of entity xil_defaultlib.datapath_tb
Built simulation snapshot datapath_tb_behav
INFO: [USF-XSim-69] 'elaborate' step finished in '3' seconds
INFO: [USF-XSim-4] XSim::Simulate design
INFO: [USF-XSim-61] Executing 'SIMULATE' step in 'C:/Users/ashle/Documents/Current Classes/ECE-499/ECE449Main.sim/sim_1/behav/xsim'
INFO: [USF-XSim-98] *** Running xsim
   with args "datapath_tb_behav -key {Behavioral:sim_1:Functional:datapath_tb} -tclbatch {datapath_tb.tcl} -log {simulate.log}"
INFO: [USF-XSim-8] Loading simulator feature
Vivado Simulator 2017.4
Time resolution is 1 ps
source datapath_tb.tcl
# set curr_wave [current_wave_config]
# if { [string length $curr_wave] == 0 } {
#   if { [llength [get_objects]] > 0} {
#     add_wave /
#     set_property needs_save false [current_wave_config]
#   } else {
#      send_msg_id Add_Wave-1 WARNING "No top level signals found. Simulator will start without a wave window. If you want to open a wave window go to 'File->New Waveform Configuration' or type 'create_wave_config' in the TCL console."
#   }
# }
# run 1000ns
INFO: [USF-XSim-96] XSim completed. Design snapshot 'datapath_tb_behav' loaded.
INFO: [USF-XSim-97] XSim simulation ran for 1000ns
launch_simulation: Time (s): cpu = 00:00:03 ; elapsed = 00:00:06 . Memory (MB): peak = 1431.719 ; gain = 1.672
open_wave_config {C:/Users/ashle/Documents/Current Classes/ECE-499/datapath_tb_behav.wcfg}
run 10000 ns
save_wave_config {C:/Users/ashle/Documents/Current Classes/ECE-499/datapath_tb_behav.wcfg}
save_wave_config {C:/Users/ashle/Documents/Current Classes/ECE-499/datapath_tb_behav.wcfg}
close_sim
INFO: [Simtcl 6-16] Simulation closed
launch_simulation
INFO: [Vivado 12-5698] Checking validity of IPs in the design for the 'XSim' simulator...
INFO: [Vivado 12-5682] Launching behavioral simulation in 'C:/Users/ashle/Documents/Current Classes/ECE-499/ECE449Main.sim/sim_1/behav/xsim'
INFO: [Vivado 12-4795] Using compiled simulation libraries for IPs
INFO: [SIM-utils-51] Simulation object is 'sim_1'
INFO: [USF-XSim-7] Finding pre-compiled libraries...
INFO: [USF-XSim-11] File 'C:/Xilinx/Vivado/2017.4/data/xsim/ip/xsim_ip.ini' copied to run dir:'C:/Users/ashle/Documents/Current Classes/ECE-499/ECE449Main.sim/sim_1/behav/xsim'
INFO: [SIM-utils-54] Inspecting design source files for 'datapath_tb' in fileset 'sim_1'...
INFO: [SIM-utils-43] Exported 'C:/Users/ashle/Documents/Current Classes/ECE-499/ECE449Main.sim/sim_1/behav/xsim/FORMAT_B_Test_Part2.coe'
INFO: [SIM-utils-43] Exported 'C:/Users/ashle/Documents/Current Classes/ECE-499/ECE449Main.sim/sim_1/behav/xsim/blk_mem_gen_0.mif'
INFO: [USF-XSim-97] Finding global include files...
INFO: [USF-XSim-98] Fetching design files from 'sim_1'...
INFO: [USF-XSim-2] XSim::Compile design
INFO: [USF-XSim-61] Executing 'COMPILE and ANALYZE' step in 'C:/Users/ashle/Documents/Current Classes/ECE-499/ECE449Main.sim/sim_1/behav/xsim'
"xvhdl --incr --relax -prj datapath_tb_vhdl.prj"
INFO: [VRFC 10-163] Analyzing VHDL file "C:/Users/ashle/Documents/Current Classes/ECE-499/ECE449Main.srcs/sources_1/imports/new/BranchController.vhd" into library xil_defaultlib
INFO: [VRFC 10-307] analyzing entity BranchController
INFO: [USF-XSim-69] 'compile' step finished in '1' seconds
INFO: [USF-XSim-3] XSim::Elaborate design
INFO: [USF-XSim-61] Executing 'ELABORATE' step in 'C:/Users/ashle/Documents/Current Classes/ECE-499/ECE449Main.sim/sim_1/behav/xsim'
Vivado Simulator 2017.4
Copyright 1986-1999, 2001-2016 Xilinx, Inc. All Rights Reserved.
Running: C:/Xilinx/Vivado/2017.4/bin/unwrapped/win64.o/xelab.exe -wto bd56acb4f8004fa8831a86f65c5f783c --incr --debug typical --relax --mt 2 -L xil_defaultlib -L secureip -L xpm --snapshot datapath_tb_behav xil_defaultlib.datapath_tb -log elaborate.log 
Using 2 slave threads.
Starting static elaboration
Completed static elaboration
Starting simulation data flow analysis
Completed simulation data flow analysis
Time Resolution for simulation is 1ps
Compiling package std.standard
Compiling package std.textio
Compiling package ieee.std_logic_1164
Compiling package ieee.numeric_std
Compiling package unisim.vcomponents
Compiling package ieee.std_logic_arith
Compiling package ieee.std_logic_signed
Compiling package ieee.std_logic_textio
Compiling package ieee.vital_timing
Compiling package ieee.vital_primitives
Compiling package unisim.vpkg
Compiling architecture behavioral of entity xil_defaultlib.BranchController [branchcontroller_default]
Compiling architecture behavioral of entity xil_defaultlib.PC [pc_default]
Compiling architecture gnd_v of entity unisim.GND [gnd_default]
Compiling architecture rb18_internal_vhdl_v of entity unisim.RB18_INTERNAL_VHDL [\RB18_INTERNAL_VHDL(bram_size=18...]
Compiling architecture ramb18e1_v of entity unisim.RAMB18E1 [\RAMB18E1(doa_reg=1,init_10="010...]
Compiling architecture structure of entity xil_defaultlib.blk_mem_gen_0_blk_mem_gen_prim_wrapper_init [blk_mem_gen_0_blk_mem_gen_prim_w...]
Compiling architecture structure of entity xil_defaultlib.blk_mem_gen_0_blk_mem_gen_prim_width [blk_mem_gen_0_blk_mem_gen_prim_w...]
Compiling architecture structure of entity xil_defaultlib.blk_mem_gen_0_blk_mem_gen_generic_cstr [blk_mem_gen_0_blk_mem_gen_generi...]
Compiling architecture structure of entity xil_defaultlib.blk_mem_gen_0_blk_mem_gen_top [blk_mem_gen_0_blk_mem_gen_top_de...]
Compiling architecture structure of entity xil_defaultlib.blk_mem_gen_0_blk_mem_gen_v8_4_1_synth [blk_mem_gen_0_blk_mem_gen_v8_4_1...]
Compiling architecture structure of entity xil_defaultlib.blk_mem_gen_0_blk_mem_gen_v8_4_1 [blk_mem_gen_0_blk_mem_gen_v8_4_1...]
Compiling architecture structure of entity xil_defaultlib.blk_mem_gen_0 [blk_mem_gen_0_default]
Compiling architecture rtl of entity xil_defaultlib.if_id_register [if_id_register_default]
Compiling architecture behavioral of entity xil_defaultlib.RegCtrl [regctrl_default]
Compiling architecture behavioural of entity xil_defaultlib.register_file [register_file_default]
Compiling architecture rtl of entity xil_defaultlib.id_ex_register [id_ex_register_default]
Compiling architecture behavioral of entity xil_defaultlib.ALUv2 [aluv2_default]
Compiling architecture rtl of entity xil_defaultlib.ex_mem_register [ex_mem_register_default]
Compiling architecture rtl of entity xil_defaultlib.mem_wb_register [mem_wb_register_default]
Compiling architecture behavioral of entity xil_defaultlib.datapath [datapath_default]
Compiling architecture simulate of entity xil_defaultlib.datapath_tb
Built simulation snapshot datapath_tb_behav
INFO: [USF-XSim-69] 'elaborate' step finished in '3' seconds
INFO: [USF-XSim-4] XSim::Simulate design
INFO: [USF-XSim-61] Executing 'SIMULATE' step in 'C:/Users/ashle/Documents/Current Classes/ECE-499/ECE449Main.sim/sim_1/behav/xsim'
INFO: [USF-XSim-98] *** Running xsim
   with args "datapath_tb_behav -key {Behavioral:sim_1:Functional:datapath_tb} -tclbatch {datapath_tb.tcl} -log {simulate.log}"
INFO: [USF-XSim-8] Loading simulator feature
Vivado Simulator 2017.4
Time resolution is 1 ps
source datapath_tb.tcl
# set curr_wave [current_wave_config]
# if { [string length $curr_wave] == 0 } {
#   if { [llength [get_objects]] > 0} {
#     add_wave /
#     set_property needs_save false [current_wave_config]
#   } else {
#      send_msg_id Add_Wave-1 WARNING "No top level signals found. Simulator will start without a wave window. If you want to open a wave window go to 'File->New Waveform Configuration' or type 'create_wave_config' in the TCL console."
#   }
# }
# run 1000ns
INFO: [USF-XSim-96] XSim completed. Design snapshot 'datapath_tb_behav' loaded.
INFO: [USF-XSim-97] XSim simulation ran for 1000ns
launch_simulation: Time (s): cpu = 00:00:03 ; elapsed = 00:00:06 . Memory (MB): peak = 1434.086 ; gain = 1.590
open_wave_config {C:/Users/ashle/Documents/Current Classes/ECE-499/datapath_tb_behav.wcfg}
run 10000 ns
close_sim
INFO: [Simtcl 6-16] Simulation closed
launch_simulation
INFO: [Vivado 12-5698] Checking validity of IPs in the design for the 'XSim' simulator...
INFO: [Vivado 12-5682] Launching behavioral simulation in 'C:/Users/ashle/Documents/Current Classes/ECE-499/ECE449Main.sim/sim_1/behav/xsim'
INFO: [Vivado 12-4795] Using compiled simulation libraries for IPs
INFO: [SIM-utils-51] Simulation object is 'sim_1'
INFO: [USF-XSim-7] Finding pre-compiled libraries...
INFO: [USF-XSim-11] File 'C:/Xilinx/Vivado/2017.4/data/xsim/ip/xsim_ip.ini' copied to run dir:'C:/Users/ashle/Documents/Current Classes/ECE-499/ECE449Main.sim/sim_1/behav/xsim'
INFO: [SIM-utils-54] Inspecting design source files for 'datapath_tb' in fileset 'sim_1'...
INFO: [SIM-utils-43] Exported 'C:/Users/ashle/Documents/Current Classes/ECE-499/ECE449Main.sim/sim_1/behav/xsim/FORMAT_B_Test_Part2.coe'
INFO: [SIM-utils-43] Exported 'C:/Users/ashle/Documents/Current Classes/ECE-499/ECE449Main.sim/sim_1/behav/xsim/blk_mem_gen_0.mif'
INFO: [USF-XSim-97] Finding global include files...
INFO: [USF-XSim-98] Fetching design files from 'sim_1'...
INFO: [USF-XSim-2] XSim::Compile design
INFO: [USF-XSim-61] Executing 'COMPILE and ANALYZE' step in 'C:/Users/ashle/Documents/Current Classes/ECE-499/ECE449Main.sim/sim_1/behav/xsim'
"xvhdl --incr --relax -prj datapath_tb_vhdl.prj"
INFO: [VRFC 10-163] Analyzing VHDL file "C:/Users/ashle/Documents/Current Classes/ECE-499/ECE449Main.srcs/sources_1/imports/new/BranchController.vhd" into library xil_defaultlib
INFO: [VRFC 10-307] analyzing entity BranchController
INFO: [USF-XSim-69] 'compile' step finished in '1' seconds
INFO: [USF-XSim-3] XSim::Elaborate design
INFO: [USF-XSim-61] Executing 'ELABORATE' step in 'C:/Users/ashle/Documents/Current Classes/ECE-499/ECE449Main.sim/sim_1/behav/xsim'
Vivado Simulator 2017.4
Copyright 1986-1999, 2001-2016 Xilinx, Inc. All Rights Reserved.
Running: C:/Xilinx/Vivado/2017.4/bin/unwrapped/win64.o/xelab.exe -wto bd56acb4f8004fa8831a86f65c5f783c --incr --debug typical --relax --mt 2 -L xil_defaultlib -L secureip -L xpm --snapshot datapath_tb_behav xil_defaultlib.datapath_tb -log elaborate.log 
Using 2 slave threads.
Starting static elaboration
Completed static elaboration
Starting simulation data flow analysis
Completed simulation data flow analysis
Time Resolution for simulation is 1ps
Compiling package std.standard
Compiling package std.textio
Compiling package ieee.std_logic_1164
Compiling package ieee.numeric_std
Compiling package unisim.vcomponents
Compiling package ieee.std_logic_arith
Compiling package ieee.std_logic_signed
Compiling package ieee.std_logic_textio
Compiling package ieee.vital_timing
Compiling package ieee.vital_primitives
Compiling package unisim.vpkg
Compiling architecture behavioral of entity xil_defaultlib.BranchController [branchcontroller_default]
Compiling architecture behavioral of entity xil_defaultlib.PC [pc_default]
Compiling architecture gnd_v of entity unisim.GND [gnd_default]
Compiling architecture rb18_internal_vhdl_v of entity unisim.RB18_INTERNAL_VHDL [\RB18_INTERNAL_VHDL(bram_size=18...]
Compiling architecture ramb18e1_v of entity unisim.RAMB18E1 [\RAMB18E1(doa_reg=1,init_10="010...]
Compiling architecture structure of entity xil_defaultlib.blk_mem_gen_0_blk_mem_gen_prim_wrapper_init [blk_mem_gen_0_blk_mem_gen_prim_w...]
Compiling architecture structure of entity xil_defaultlib.blk_mem_gen_0_blk_mem_gen_prim_width [blk_mem_gen_0_blk_mem_gen_prim_w...]
Compiling architecture structure of entity xil_defaultlib.blk_mem_gen_0_blk_mem_gen_generic_cstr [blk_mem_gen_0_blk_mem_gen_generi...]
Compiling architecture structure of entity xil_defaultlib.blk_mem_gen_0_blk_mem_gen_top [blk_mem_gen_0_blk_mem_gen_top_de...]
Compiling architecture structure of entity xil_defaultlib.blk_mem_gen_0_blk_mem_gen_v8_4_1_synth [blk_mem_gen_0_blk_mem_gen_v8_4_1...]
Compiling architecture structure of entity xil_defaultlib.blk_mem_gen_0_blk_mem_gen_v8_4_1 [blk_mem_gen_0_blk_mem_gen_v8_4_1...]
Compiling architecture structure of entity xil_defaultlib.blk_mem_gen_0 [blk_mem_gen_0_default]
Compiling architecture rtl of entity xil_defaultlib.if_id_register [if_id_register_default]
Compiling architecture behavioral of entity xil_defaultlib.RegCtrl [regctrl_default]
Compiling architecture behavioural of entity xil_defaultlib.register_file [register_file_default]
Compiling architecture rtl of entity xil_defaultlib.id_ex_register [id_ex_register_default]
Compiling architecture behavioral of entity xil_defaultlib.ALUv2 [aluv2_default]
Compiling architecture rtl of entity xil_defaultlib.ex_mem_register [ex_mem_register_default]
Compiling architecture rtl of entity xil_defaultlib.mem_wb_register [mem_wb_register_default]
Compiling architecture behavioral of entity xil_defaultlib.datapath [datapath_default]
Compiling architecture simulate of entity xil_defaultlib.datapath_tb
Built simulation snapshot datapath_tb_behav
INFO: [USF-XSim-69] 'elaborate' step finished in '2' seconds
INFO: [USF-XSim-4] XSim::Simulate design
INFO: [USF-XSim-61] Executing 'SIMULATE' step in 'C:/Users/ashle/Documents/Current Classes/ECE-499/ECE449Main.sim/sim_1/behav/xsim'
INFO: [USF-XSim-98] *** Running xsim
   with args "datapath_tb_behav -key {Behavioral:sim_1:Functional:datapath_tb} -tclbatch {datapath_tb.tcl} -log {simulate.log}"
INFO: [USF-XSim-8] Loading simulator feature
Vivado Simulator 2017.4
Time resolution is 1 ps
source datapath_tb.tcl
# set curr_wave [current_wave_config]
# if { [string length $curr_wave] == 0 } {
#   if { [llength [get_objects]] > 0} {
#     add_wave /
#     set_property needs_save false [current_wave_config]
#   } else {
#      send_msg_id Add_Wave-1 WARNING "No top level signals found. Simulator will start without a wave window. If you want to open a wave window go to 'File->New Waveform Configuration' or type 'create_wave_config' in the TCL console."
#   }
# }
# run 1000ns
INFO: [USF-XSim-96] XSim completed. Design snapshot 'datapath_tb_behav' loaded.
INFO: [USF-XSim-97] XSim simulation ran for 1000ns
launch_simulation: Time (s): cpu = 00:00:01 ; elapsed = 00:00:06 . Memory (MB): peak = 1435.219 ; gain = 0.562
open_wave_config {C:/Users/ashle/Documents/Current Classes/ECE-499/datapath_tb_behav.wcfg}
run 10000 ns
close_sim
INFO: [Simtcl 6-16] Simulation closed
launch_simulation
INFO: [Vivado 12-5698] Checking validity of IPs in the design for the 'XSim' simulator...
INFO: [Vivado 12-5682] Launching behavioral simulation in 'C:/Users/ashle/Documents/Current Classes/ECE-499/ECE449Main.sim/sim_1/behav/xsim'
INFO: [Vivado 12-4795] Using compiled simulation libraries for IPs
INFO: [SIM-utils-51] Simulation object is 'sim_1'
INFO: [USF-XSim-7] Finding pre-compiled libraries...
INFO: [USF-XSim-11] File 'C:/Xilinx/Vivado/2017.4/data/xsim/ip/xsim_ip.ini' copied to run dir:'C:/Users/ashle/Documents/Current Classes/ECE-499/ECE449Main.sim/sim_1/behav/xsim'
INFO: [SIM-utils-54] Inspecting design source files for 'datapath_tb' in fileset 'sim_1'...
INFO: [SIM-utils-43] Exported 'C:/Users/ashle/Documents/Current Classes/ECE-499/ECE449Main.sim/sim_1/behav/xsim/FORMAT_B_Test_Part2.coe'
INFO: [SIM-utils-43] Exported 'C:/Users/ashle/Documents/Current Classes/ECE-499/ECE449Main.sim/sim_1/behav/xsim/blk_mem_gen_0.mif'
INFO: [USF-XSim-97] Finding global include files...
INFO: [USF-XSim-98] Fetching design files from 'sim_1'...
INFO: [USF-XSim-2] XSim::Compile design
INFO: [USF-XSim-61] Executing 'COMPILE and ANALYZE' step in 'C:/Users/ashle/Documents/Current Classes/ECE-499/ECE449Main.sim/sim_1/behav/xsim'
"xvhdl --incr --relax -prj datapath_tb_vhdl.prj"
INFO: [VRFC 10-163] Analyzing VHDL file "C:/Users/ashle/Documents/Current Classes/ECE-499/ECE449Main.srcs/sources_1/imports/new/datapath.vhd" into library xil_defaultlib
INFO: [VRFC 10-307] analyzing entity datapath
INFO: [USF-XSim-69] 'compile' step finished in '1' seconds
INFO: [USF-XSim-3] XSim::Elaborate design
INFO: [USF-XSim-61] Executing 'ELABORATE' step in 'C:/Users/ashle/Documents/Current Classes/ECE-499/ECE449Main.sim/sim_1/behav/xsim'
Vivado Simulator 2017.4
Copyright 1986-1999, 2001-2016 Xilinx, Inc. All Rights Reserved.
Running: C:/Xilinx/Vivado/2017.4/bin/unwrapped/win64.o/xelab.exe -wto bd56acb4f8004fa8831a86f65c5f783c --incr --debug typical --relax --mt 2 -L xil_defaultlib -L secureip -L xpm --snapshot datapath_tb_behav xil_defaultlib.datapath_tb -log elaborate.log 
Using 2 slave threads.
Starting static elaboration
Completed static elaboration
Starting simulation data flow analysis
Completed simulation data flow analysis
Time Resolution for simulation is 1ps
Compiling package std.standard
Compiling package std.textio
Compiling package ieee.std_logic_1164
Compiling package ieee.numeric_std
Compiling package unisim.vcomponents
Compiling package ieee.std_logic_arith
Compiling package ieee.std_logic_signed
Compiling package ieee.std_logic_textio
Compiling package ieee.vital_timing
Compiling package ieee.vital_primitives
Compiling package unisim.vpkg
Compiling architecture behavioral of entity xil_defaultlib.BranchController [branchcontroller_default]
Compiling architecture behavioral of entity xil_defaultlib.PC [pc_default]
Compiling architecture gnd_v of entity unisim.GND [gnd_default]
Compiling architecture rb18_internal_vhdl_v of entity unisim.RB18_INTERNAL_VHDL [\RB18_INTERNAL_VHDL(bram_size=18...]
Compiling architecture ramb18e1_v of entity unisim.RAMB18E1 [\RAMB18E1(doa_reg=1,init_10="010...]
Compiling architecture structure of entity xil_defaultlib.blk_mem_gen_0_blk_mem_gen_prim_wrapper_init [blk_mem_gen_0_blk_mem_gen_prim_w...]
Compiling architecture structure of entity xil_defaultlib.blk_mem_gen_0_blk_mem_gen_prim_width [blk_mem_gen_0_blk_mem_gen_prim_w...]
Compiling architecture structure of entity xil_defaultlib.blk_mem_gen_0_blk_mem_gen_generic_cstr [blk_mem_gen_0_blk_mem_gen_generi...]
Compiling architecture structure of entity xil_defaultlib.blk_mem_gen_0_blk_mem_gen_top [blk_mem_gen_0_blk_mem_gen_top_de...]
Compiling architecture structure of entity xil_defaultlib.blk_mem_gen_0_blk_mem_gen_v8_4_1_synth [blk_mem_gen_0_blk_mem_gen_v8_4_1...]
Compiling architecture structure of entity xil_defaultlib.blk_mem_gen_0_blk_mem_gen_v8_4_1 [blk_mem_gen_0_blk_mem_gen_v8_4_1...]
Compiling architecture structure of entity xil_defaultlib.blk_mem_gen_0 [blk_mem_gen_0_default]
Compiling architecture rtl of entity xil_defaultlib.if_id_register [if_id_register_default]
Compiling architecture behavioral of entity xil_defaultlib.RegCtrl [regctrl_default]
Compiling architecture behavioural of entity xil_defaultlib.register_file [register_file_default]
Compiling architecture rtl of entity xil_defaultlib.id_ex_register [id_ex_register_default]
Compiling architecture behavioral of entity xil_defaultlib.ALUv2 [aluv2_default]
Compiling architecture rtl of entity xil_defaultlib.ex_mem_register [ex_mem_register_default]
Compiling architecture rtl of entity xil_defaultlib.mem_wb_register [mem_wb_register_default]
Compiling architecture behavioral of entity xil_defaultlib.datapath [datapath_default]
Compiling architecture simulate of entity xil_defaultlib.datapath_tb
Built simulation snapshot datapath_tb_behav
INFO: [USF-XSim-69] 'elaborate' step finished in '3' seconds
INFO: [USF-XSim-4] XSim::Simulate design
INFO: [USF-XSim-61] Executing 'SIMULATE' step in 'C:/Users/ashle/Documents/Current Classes/ECE-499/ECE449Main.sim/sim_1/behav/xsim'
INFO: [USF-XSim-98] *** Running xsim
   with args "datapath_tb_behav -key {Behavioral:sim_1:Functional:datapath_tb} -tclbatch {datapath_tb.tcl} -log {simulate.log}"
INFO: [USF-XSim-8] Loading simulator feature
Vivado Simulator 2017.4
Time resolution is 1 ps
source datapath_tb.tcl
# set curr_wave [current_wave_config]
# if { [string length $curr_wave] == 0 } {
#   if { [llength [get_objects]] > 0} {
#     add_wave /
#     set_property needs_save false [current_wave_config]
#   } else {
#      send_msg_id Add_Wave-1 WARNING "No top level signals found. Simulator will start without a wave window. If you want to open a wave window go to 'File->New Waveform Configuration' or type 'create_wave_config' in the TCL console."
#   }
# }
# run 1000ns
INFO: [USF-XSim-96] XSim completed. Design snapshot 'datapath_tb_behav' loaded.
INFO: [USF-XSim-97] XSim simulation ran for 1000ns
launch_simulation: Time (s): cpu = 00:00:03 ; elapsed = 00:00:06 . Memory (MB): peak = 1437.523 ; gain = 0.000
open_wave_config {C:/Users/ashle/Documents/Current Classes/ECE-499/datapath_tb_behav.wcfg}
run 10000 ns
close_sim
INFO: [Simtcl 6-16] Simulation closed
launch_simulation
INFO: [Vivado 12-5698] Checking validity of IPs in the design for the 'XSim' simulator...
INFO: [Vivado 12-5682] Launching behavioral simulation in 'C:/Users/ashle/Documents/Current Classes/ECE-499/ECE449Main.sim/sim_1/behav/xsim'
INFO: [Vivado 12-4795] Using compiled simulation libraries for IPs
INFO: [SIM-utils-51] Simulation object is 'sim_1'
INFO: [USF-XSim-7] Finding pre-compiled libraries...
INFO: [USF-XSim-11] File 'C:/Xilinx/Vivado/2017.4/data/xsim/ip/xsim_ip.ini' copied to run dir:'C:/Users/ashle/Documents/Current Classes/ECE-499/ECE449Main.sim/sim_1/behav/xsim'
INFO: [SIM-utils-54] Inspecting design source files for 'datapath_tb' in fileset 'sim_1'...
INFO: [SIM-utils-43] Exported 'C:/Users/ashle/Documents/Current Classes/ECE-499/ECE449Main.sim/sim_1/behav/xsim/FORMAT_B_Test_Part2.coe'
INFO: [SIM-utils-43] Exported 'C:/Users/ashle/Documents/Current Classes/ECE-499/ECE449Main.sim/sim_1/behav/xsim/blk_mem_gen_0.mif'
INFO: [USF-XSim-97] Finding global include files...
INFO: [USF-XSim-98] Fetching design files from 'sim_1'...
INFO: [USF-XSim-2] XSim::Compile design
INFO: [USF-XSim-61] Executing 'COMPILE and ANALYZE' step in 'C:/Users/ashle/Documents/Current Classes/ECE-499/ECE449Main.sim/sim_1/behav/xsim'
"xvhdl --incr --relax -prj datapath_tb_vhdl.prj"
INFO: [VRFC 10-163] Analyzing VHDL file "C:/Users/ashle/Documents/Current Classes/ECE-499/ECE449Main.srcs/sources_1/imports/new/datapath.vhd" into library xil_defaultlib
INFO: [VRFC 10-307] analyzing entity datapath
INFO: [USF-XSim-69] 'compile' step finished in '1' seconds
INFO: [USF-XSim-3] XSim::Elaborate design
INFO: [USF-XSim-61] Executing 'ELABORATE' step in 'C:/Users/ashle/Documents/Current Classes/ECE-499/ECE449Main.sim/sim_1/behav/xsim'
Vivado Simulator 2017.4
Copyright 1986-1999, 2001-2016 Xilinx, Inc. All Rights Reserved.
Running: C:/Xilinx/Vivado/2017.4/bin/unwrapped/win64.o/xelab.exe -wto bd56acb4f8004fa8831a86f65c5f783c --incr --debug typical --relax --mt 2 -L xil_defaultlib -L secureip -L xpm --snapshot datapath_tb_behav xil_defaultlib.datapath_tb -log elaborate.log 
Using 2 slave threads.
Starting static elaboration
Completed static elaboration
Starting simulation data flow analysis
Completed simulation data flow analysis
Time Resolution for simulation is 1ps
Compiling package std.standard
Compiling package std.textio
Compiling package ieee.std_logic_1164
Compiling package ieee.numeric_std
Compiling package unisim.vcomponents
Compiling package ieee.std_logic_arith
Compiling package ieee.std_logic_signed
Compiling package ieee.std_logic_textio
Compiling package ieee.vital_timing
Compiling package ieee.vital_primitives
Compiling package unisim.vpkg
Compiling architecture behavioral of entity xil_defaultlib.BranchController [branchcontroller_default]
Compiling architecture behavioral of entity xil_defaultlib.PC [pc_default]
Compiling architecture gnd_v of entity unisim.GND [gnd_default]
Compiling architecture rb18_internal_vhdl_v of entity unisim.RB18_INTERNAL_VHDL [\RB18_INTERNAL_VHDL(bram_size=18...]
Compiling architecture ramb18e1_v of entity unisim.RAMB18E1 [\RAMB18E1(doa_reg=1,init_10="010...]
Compiling architecture structure of entity xil_defaultlib.blk_mem_gen_0_blk_mem_gen_prim_wrapper_init [blk_mem_gen_0_blk_mem_gen_prim_w...]
Compiling architecture structure of entity xil_defaultlib.blk_mem_gen_0_blk_mem_gen_prim_width [blk_mem_gen_0_blk_mem_gen_prim_w...]
Compiling architecture structure of entity xil_defaultlib.blk_mem_gen_0_blk_mem_gen_generic_cstr [blk_mem_gen_0_blk_mem_gen_generi...]
Compiling architecture structure of entity xil_defaultlib.blk_mem_gen_0_blk_mem_gen_top [blk_mem_gen_0_blk_mem_gen_top_de...]
Compiling architecture structure of entity xil_defaultlib.blk_mem_gen_0_blk_mem_gen_v8_4_1_synth [blk_mem_gen_0_blk_mem_gen_v8_4_1...]
Compiling architecture structure of entity xil_defaultlib.blk_mem_gen_0_blk_mem_gen_v8_4_1 [blk_mem_gen_0_blk_mem_gen_v8_4_1...]
Compiling architecture structure of entity xil_defaultlib.blk_mem_gen_0 [blk_mem_gen_0_default]
Compiling architecture rtl of entity xil_defaultlib.if_id_register [if_id_register_default]
Compiling architecture behavioral of entity xil_defaultlib.RegCtrl [regctrl_default]
Compiling architecture behavioural of entity xil_defaultlib.register_file [register_file_default]
Compiling architecture rtl of entity xil_defaultlib.id_ex_register [id_ex_register_default]
Compiling architecture behavioral of entity xil_defaultlib.ALUv2 [aluv2_default]
Compiling architecture rtl of entity xil_defaultlib.ex_mem_register [ex_mem_register_default]
Compiling architecture rtl of entity xil_defaultlib.mem_wb_register [mem_wb_register_default]
Compiling architecture behavioral of entity xil_defaultlib.datapath [datapath_default]
Compiling architecture simulate of entity xil_defaultlib.datapath_tb
Built simulation snapshot datapath_tb_behav
INFO: [USF-XSim-69] 'elaborate' step finished in '2' seconds
INFO: [USF-XSim-4] XSim::Simulate design
INFO: [USF-XSim-61] Executing 'SIMULATE' step in 'C:/Users/ashle/Documents/Current Classes/ECE-499/ECE449Main.sim/sim_1/behav/xsim'
INFO: [USF-XSim-98] *** Running xsim
   with args "datapath_tb_behav -key {Behavioral:sim_1:Functional:datapath_tb} -tclbatch {datapath_tb.tcl} -log {simulate.log}"
INFO: [USF-XSim-8] Loading simulator feature
Vivado Simulator 2017.4
Time resolution is 1 ps
source datapath_tb.tcl
# set curr_wave [current_wave_config]
# if { [string length $curr_wave] == 0 } {
#   if { [llength [get_objects]] > 0} {
#     add_wave /
#     set_property needs_save false [current_wave_config]
#   } else {
#      send_msg_id Add_Wave-1 WARNING "No top level signals found. Simulator will start without a wave window. If you want to open a wave window go to 'File->New Waveform Configuration' or type 'create_wave_config' in the TCL console."
#   }
# }
# run 1000ns
INFO: [USF-XSim-96] XSim completed. Design snapshot 'datapath_tb_behav' loaded.
INFO: [USF-XSim-97] XSim simulation ran for 1000ns
launch_simulation: Time (s): cpu = 00:00:02 ; elapsed = 00:00:06 . Memory (MB): peak = 1438.383 ; gain = 0.562
open_wave_config {C:/Users/ashle/Documents/Current Classes/ECE-499/datapath_tb_behav.wcfg}
run 10000 ns
close_sim
INFO: [Simtcl 6-16] Simulation closed
launch_simulation
INFO: [Vivado 12-5698] Checking validity of IPs in the design for the 'XSim' simulator...
INFO: [Vivado 12-5682] Launching behavioral simulation in 'C:/Users/ashle/Documents/Current Classes/ECE-499/ECE449Main.sim/sim_1/behav/xsim'
INFO: [Vivado 12-4795] Using compiled simulation libraries for IPs
INFO: [SIM-utils-51] Simulation object is 'sim_1'
INFO: [USF-XSim-7] Finding pre-compiled libraries...
INFO: [USF-XSim-11] File 'C:/Xilinx/Vivado/2017.4/data/xsim/ip/xsim_ip.ini' copied to run dir:'C:/Users/ashle/Documents/Current Classes/ECE-499/ECE449Main.sim/sim_1/behav/xsim'
INFO: [SIM-utils-54] Inspecting design source files for 'datapath_tb' in fileset 'sim_1'...
INFO: [SIM-utils-43] Exported 'C:/Users/ashle/Documents/Current Classes/ECE-499/ECE449Main.sim/sim_1/behav/xsim/FORMAT_B_Test_Part2.coe'
INFO: [SIM-utils-43] Exported 'C:/Users/ashle/Documents/Current Classes/ECE-499/ECE449Main.sim/sim_1/behav/xsim/blk_mem_gen_0.mif'
INFO: [USF-XSim-97] Finding global include files...
INFO: [USF-XSim-98] Fetching design files from 'sim_1'...
INFO: [USF-XSim-2] XSim::Compile design
INFO: [USF-XSim-61] Executing 'COMPILE and ANALYZE' step in 'C:/Users/ashle/Documents/Current Classes/ECE-499/ECE449Main.sim/sim_1/behav/xsim'
"xvhdl --incr --relax -prj datapath_tb_vhdl.prj"
INFO: [VRFC 10-163] Analyzing VHDL file "C:/Users/ashle/Documents/Current Classes/ECE-499/ECE449Main.srcs/sources_1/imports/new/datapath.vhd" into library xil_defaultlib
INFO: [VRFC 10-307] analyzing entity datapath
INFO: [USF-XSim-69] 'compile' step finished in '1' seconds
INFO: [USF-XSim-3] XSim::Elaborate design
INFO: [USF-XSim-61] Executing 'ELABORATE' step in 'C:/Users/ashle/Documents/Current Classes/ECE-499/ECE449Main.sim/sim_1/behav/xsim'
Vivado Simulator 2017.4
Copyright 1986-1999, 2001-2016 Xilinx, Inc. All Rights Reserved.
Running: C:/Xilinx/Vivado/2017.4/bin/unwrapped/win64.o/xelab.exe -wto bd56acb4f8004fa8831a86f65c5f783c --incr --debug typical --relax --mt 2 -L xil_defaultlib -L secureip -L xpm --snapshot datapath_tb_behav xil_defaultlib.datapath_tb -log elaborate.log 
Using 2 slave threads.
Starting static elaboration
Completed static elaboration
Starting simulation data flow analysis
Completed simulation data flow analysis
Time Resolution for simulation is 1ps
Compiling package std.standard
Compiling package std.textio
Compiling package ieee.std_logic_1164
Compiling package ieee.numeric_std
Compiling package unisim.vcomponents
Compiling package ieee.std_logic_arith
Compiling package ieee.std_logic_signed
Compiling package ieee.std_logic_textio
Compiling package ieee.vital_timing
Compiling package ieee.vital_primitives
Compiling package unisim.vpkg
Compiling architecture behavioral of entity xil_defaultlib.BranchController [branchcontroller_default]
Compiling architecture behavioral of entity xil_defaultlib.PC [pc_default]
Compiling architecture gnd_v of entity unisim.GND [gnd_default]
Compiling architecture rb18_internal_vhdl_v of entity unisim.RB18_INTERNAL_VHDL [\RB18_INTERNAL_VHDL(bram_size=18...]
Compiling architecture ramb18e1_v of entity unisim.RAMB18E1 [\RAMB18E1(doa_reg=1,init_10="010...]
Compiling architecture structure of entity xil_defaultlib.blk_mem_gen_0_blk_mem_gen_prim_wrapper_init [blk_mem_gen_0_blk_mem_gen_prim_w...]
Compiling architecture structure of entity xil_defaultlib.blk_mem_gen_0_blk_mem_gen_prim_width [blk_mem_gen_0_blk_mem_gen_prim_w...]
Compiling architecture structure of entity xil_defaultlib.blk_mem_gen_0_blk_mem_gen_generic_cstr [blk_mem_gen_0_blk_mem_gen_generi...]
Compiling architecture structure of entity xil_defaultlib.blk_mem_gen_0_blk_mem_gen_top [blk_mem_gen_0_blk_mem_gen_top_de...]
Compiling architecture structure of entity xil_defaultlib.blk_mem_gen_0_blk_mem_gen_v8_4_1_synth [blk_mem_gen_0_blk_mem_gen_v8_4_1...]
Compiling architecture structure of entity xil_defaultlib.blk_mem_gen_0_blk_mem_gen_v8_4_1 [blk_mem_gen_0_blk_mem_gen_v8_4_1...]
Compiling architecture structure of entity xil_defaultlib.blk_mem_gen_0 [blk_mem_gen_0_default]
Compiling architecture rtl of entity xil_defaultlib.if_id_register [if_id_register_default]
Compiling architecture behavioral of entity xil_defaultlib.RegCtrl [regctrl_default]
Compiling architecture behavioural of entity xil_defaultlib.register_file [register_file_default]
Compiling architecture rtl of entity xil_defaultlib.id_ex_register [id_ex_register_default]
Compiling architecture behavioral of entity xil_defaultlib.ALUv2 [aluv2_default]
Compiling architecture rtl of entity xil_defaultlib.ex_mem_register [ex_mem_register_default]
Compiling architecture rtl of entity xil_defaultlib.mem_wb_register [mem_wb_register_default]
Compiling architecture behavioral of entity xil_defaultlib.datapath [datapath_default]
Compiling architecture simulate of entity xil_defaultlib.datapath_tb
Built simulation snapshot datapath_tb_behav
INFO: [USF-XSim-69] 'elaborate' step finished in '3' seconds
INFO: [USF-XSim-4] XSim::Simulate design
INFO: [USF-XSim-61] Executing 'SIMULATE' step in 'C:/Users/ashle/Documents/Current Classes/ECE-499/ECE449Main.sim/sim_1/behav/xsim'
INFO: [USF-XSim-98] *** Running xsim
   with args "datapath_tb_behav -key {Behavioral:sim_1:Functional:datapath_tb} -tclbatch {datapath_tb.tcl} -log {simulate.log}"
INFO: [USF-XSim-8] Loading simulator feature
Vivado Simulator 2017.4
Time resolution is 1 ps
source datapath_tb.tcl
# set curr_wave [current_wave_config]
# if { [string length $curr_wave] == 0 } {
#   if { [llength [get_objects]] > 0} {
#     add_wave /
#     set_property needs_save false [current_wave_config]
#   } else {
#      send_msg_id Add_Wave-1 WARNING "No top level signals found. Simulator will start without a wave window. If you want to open a wave window go to 'File->New Waveform Configuration' or type 'create_wave_config' in the TCL console."
#   }
# }
# run 1000ns
INFO: [USF-XSim-96] XSim completed. Design snapshot 'datapath_tb_behav' loaded.
INFO: [USF-XSim-97] XSim simulation ran for 1000ns
launch_simulation: Time (s): cpu = 00:00:03 ; elapsed = 00:00:06 . Memory (MB): peak = 1438.645 ; gain = 0.000
open_wave_config {C:/Users/ashle/Documents/Current Classes/ECE-499/datapath_tb_behav.wcfg}
run 10000 ns
close_sim
INFO: [Simtcl 6-16] Simulation closed
launch_simulation
INFO: [Vivado 12-5698] Checking validity of IPs in the design for the 'XSim' simulator...
INFO: [Vivado 12-5682] Launching behavioral simulation in 'C:/Users/ashle/Documents/Current Classes/ECE-499/ECE449Main.sim/sim_1/behav/xsim'
INFO: [Vivado 12-4795] Using compiled simulation libraries for IPs
INFO: [SIM-utils-51] Simulation object is 'sim_1'
INFO: [USF-XSim-7] Finding pre-compiled libraries...
INFO: [USF-XSim-11] File 'C:/Xilinx/Vivado/2017.4/data/xsim/ip/xsim_ip.ini' copied to run dir:'C:/Users/ashle/Documents/Current Classes/ECE-499/ECE449Main.sim/sim_1/behav/xsim'
INFO: [SIM-utils-54] Inspecting design source files for 'datapath_tb' in fileset 'sim_1'...
INFO: [SIM-utils-43] Exported 'C:/Users/ashle/Documents/Current Classes/ECE-499/ECE449Main.sim/sim_1/behav/xsim/FORMAT_B_Test_Part2.coe'
INFO: [SIM-utils-43] Exported 'C:/Users/ashle/Documents/Current Classes/ECE-499/ECE449Main.sim/sim_1/behav/xsim/blk_mem_gen_0.mif'
INFO: [USF-XSim-97] Finding global include files...
INFO: [USF-XSim-98] Fetching design files from 'sim_1'...
INFO: [USF-XSim-2] XSim::Compile design
INFO: [USF-XSim-61] Executing 'COMPILE and ANALYZE' step in 'C:/Users/ashle/Documents/Current Classes/ECE-499/ECE449Main.sim/sim_1/behav/xsim'
"xvhdl --incr --relax -prj datapath_tb_vhdl.prj"
INFO: [VRFC 10-163] Analyzing VHDL file "C:/Users/ashle/Documents/Current Classes/ECE-499/ECE449Main.srcs/sources_1/imports/new/datapath.vhd" into library xil_defaultlib
INFO: [VRFC 10-307] analyzing entity datapath
INFO: [USF-XSim-69] 'compile' step finished in '1' seconds
INFO: [USF-XSim-3] XSim::Elaborate design
INFO: [USF-XSim-61] Executing 'ELABORATE' step in 'C:/Users/ashle/Documents/Current Classes/ECE-499/ECE449Main.sim/sim_1/behav/xsim'
Vivado Simulator 2017.4
Copyright 1986-1999, 2001-2016 Xilinx, Inc. All Rights Reserved.
Running: C:/Xilinx/Vivado/2017.4/bin/unwrapped/win64.o/xelab.exe -wto bd56acb4f8004fa8831a86f65c5f783c --incr --debug typical --relax --mt 2 -L xil_defaultlib -L secureip -L xpm --snapshot datapath_tb_behav xil_defaultlib.datapath_tb -log elaborate.log 
Using 2 slave threads.
Starting static elaboration
Completed static elaboration
Starting simulation data flow analysis
Completed simulation data flow analysis
Time Resolution for simulation is 1ps
Compiling package std.standard
Compiling package std.textio
Compiling package ieee.std_logic_1164
Compiling package ieee.numeric_std
Compiling package unisim.vcomponents
Compiling package ieee.std_logic_arith
Compiling package ieee.std_logic_signed
Compiling package ieee.std_logic_textio
Compiling package ieee.vital_timing
Compiling package ieee.vital_primitives
Compiling package unisim.vpkg
Compiling architecture behavioral of entity xil_defaultlib.BranchController [branchcontroller_default]
Compiling architecture behavioral of entity xil_defaultlib.PC [pc_default]
Compiling architecture gnd_v of entity unisim.GND [gnd_default]
Compiling architecture rb18_internal_vhdl_v of entity unisim.RB18_INTERNAL_VHDL [\RB18_INTERNAL_VHDL(bram_size=18...]
Compiling architecture ramb18e1_v of entity unisim.RAMB18E1 [\RAMB18E1(doa_reg=1,init_10="010...]
Compiling architecture structure of entity xil_defaultlib.blk_mem_gen_0_blk_mem_gen_prim_wrapper_init [blk_mem_gen_0_blk_mem_gen_prim_w...]
Compiling architecture structure of entity xil_defaultlib.blk_mem_gen_0_blk_mem_gen_prim_width [blk_mem_gen_0_blk_mem_gen_prim_w...]
Compiling architecture structure of entity xil_defaultlib.blk_mem_gen_0_blk_mem_gen_generic_cstr [blk_mem_gen_0_blk_mem_gen_generi...]
Compiling architecture structure of entity xil_defaultlib.blk_mem_gen_0_blk_mem_gen_top [blk_mem_gen_0_blk_mem_gen_top_de...]
Compiling architecture structure of entity xil_defaultlib.blk_mem_gen_0_blk_mem_gen_v8_4_1_synth [blk_mem_gen_0_blk_mem_gen_v8_4_1...]
Compiling architecture structure of entity xil_defaultlib.blk_mem_gen_0_blk_mem_gen_v8_4_1 [blk_mem_gen_0_blk_mem_gen_v8_4_1...]
Compiling architecture structure of entity xil_defaultlib.blk_mem_gen_0 [blk_mem_gen_0_default]
Compiling architecture rtl of entity xil_defaultlib.if_id_register [if_id_register_default]
Compiling architecture behavioral of entity xil_defaultlib.RegCtrl [regctrl_default]
Compiling architecture behavioural of entity xil_defaultlib.register_file [register_file_default]
Compiling architecture rtl of entity xil_defaultlib.id_ex_register [id_ex_register_default]
Compiling architecture behavioral of entity xil_defaultlib.ALUv2 [aluv2_default]
Compiling architecture rtl of entity xil_defaultlib.ex_mem_register [ex_mem_register_default]
Compiling architecture rtl of entity xil_defaultlib.mem_wb_register [mem_wb_register_default]
Compiling architecture behavioral of entity xil_defaultlib.datapath [datapath_default]
Compiling architecture simulate of entity xil_defaultlib.datapath_tb
Built simulation snapshot datapath_tb_behav
INFO: [USF-XSim-69] 'elaborate' step finished in '3' seconds
INFO: [USF-XSim-4] XSim::Simulate design
INFO: [USF-XSim-61] Executing 'SIMULATE' step in 'C:/Users/ashle/Documents/Current Classes/ECE-499/ECE449Main.sim/sim_1/behav/xsim'
INFO: [USF-XSim-98] *** Running xsim
   with args "datapath_tb_behav -key {Behavioral:sim_1:Functional:datapath_tb} -tclbatch {datapath_tb.tcl} -log {simulate.log}"
INFO: [USF-XSim-8] Loading simulator feature
Vivado Simulator 2017.4
Time resolution is 1 ps
source datapath_tb.tcl
# set curr_wave [current_wave_config]
# if { [string length $curr_wave] == 0 } {
#   if { [llength [get_objects]] > 0} {
#     add_wave /
#     set_property needs_save false [current_wave_config]
#   } else {
#      send_msg_id Add_Wave-1 WARNING "No top level signals found. Simulator will start without a wave window. If you want to open a wave window go to 'File->New Waveform Configuration' or type 'create_wave_config' in the TCL console."
#   }
# }
# run 1000ns
INFO: [USF-XSim-96] XSim completed. Design snapshot 'datapath_tb_behav' loaded.
INFO: [USF-XSim-97] XSim simulation ran for 1000ns
launch_simulation: Time (s): cpu = 00:00:02 ; elapsed = 00:00:06 . Memory (MB): peak = 1438.645 ; gain = 0.000
open_wave_config {C:/Users/ashle/Documents/Current Classes/ECE-499/datapath_tb_behav.wcfg}
run 10000 ns
close_sim
INFO: [Simtcl 6-16] Simulation closed
launch_simulation
INFO: [Vivado 12-5698] Checking validity of IPs in the design for the 'XSim' simulator...
INFO: [Vivado 12-5682] Launching behavioral simulation in 'C:/Users/ashle/Documents/Current Classes/ECE-499/ECE449Main.sim/sim_1/behav/xsim'
INFO: [Vivado 12-4795] Using compiled simulation libraries for IPs
INFO: [SIM-utils-51] Simulation object is 'sim_1'
INFO: [USF-XSim-7] Finding pre-compiled libraries...
INFO: [USF-XSim-11] File 'C:/Xilinx/Vivado/2017.4/data/xsim/ip/xsim_ip.ini' copied to run dir:'C:/Users/ashle/Documents/Current Classes/ECE-499/ECE449Main.sim/sim_1/behav/xsim'
INFO: [SIM-utils-54] Inspecting design source files for 'datapath_tb' in fileset 'sim_1'...
INFO: [SIM-utils-43] Exported 'C:/Users/ashle/Documents/Current Classes/ECE-499/ECE449Main.sim/sim_1/behav/xsim/FORMAT_B_Test_Part2.coe'
INFO: [SIM-utils-43] Exported 'C:/Users/ashle/Documents/Current Classes/ECE-499/ECE449Main.sim/sim_1/behav/xsim/blk_mem_gen_0.mif'
INFO: [USF-XSim-97] Finding global include files...
INFO: [USF-XSim-98] Fetching design files from 'sim_1'...
INFO: [USF-XSim-2] XSim::Compile design
INFO: [USF-XSim-61] Executing 'COMPILE and ANALYZE' step in 'C:/Users/ashle/Documents/Current Classes/ECE-499/ECE449Main.sim/sim_1/behav/xsim'
"xvhdl --incr --relax -prj datapath_tb_vhdl.prj"
INFO: [VRFC 10-163] Analyzing VHDL file "C:/Users/ashle/Documents/Current Classes/ECE-499/ECE449Main.srcs/sources_1/imports/new/datapath.vhd" into library xil_defaultlib
INFO: [VRFC 10-307] analyzing entity datapath
ERROR: [VRFC 10-1412] syntax error near ' [C:/Users/ashle/Documents/Current Classes/ECE-499/ECE449Main.srcs/sources_1/imports/new/datapath.vhd:279]
ERROR: [VRFC 10-1504] unit behavioral ignored due to previous errors [C:/Users/ashle/Documents/Current Classes/ECE-499/ECE449Main.srcs/sources_1/imports/new/datapath.vhd:42]
INFO: [VRFC 10-240] VHDL file C:/Users/ashle/Documents/Current Classes/ECE-499/ECE449Main.srcs/sources_1/imports/new/datapath.vhd ignored due to errors
INFO: [USF-XSim-69] 'compile' step finished in '1' seconds
INFO: [USF-XSim-99] Step results log file:'C:/Users/ashle/Documents/Current Classes/ECE-499/ECE449Main.sim/sim_1/behav/xsim/xvhdl.log'
ERROR: [USF-XSim-62] 'compile' step failed with error(s). Please check the Tcl console output or 'C:/Users/ashle/Documents/Current Classes/ECE-499/ECE449Main.sim/sim_1/behav/xsim/xvhdl.log' file for more information.
ERROR: [Vivado 12-4473] Detected error while running simulation. Please correct the issue and retry this operation.
ERROR: [Common 17-39] 'launch_simulation' failed due to earlier errors.
launch_simulation
INFO: [Vivado 12-5698] Checking validity of IPs in the design for the 'XSim' simulator...
INFO: [Vivado 12-5682] Launching behavioral simulation in 'C:/Users/ashle/Documents/Current Classes/ECE-499/ECE449Main.sim/sim_1/behav/xsim'
INFO: [Vivado 12-4795] Using compiled simulation libraries for IPs
INFO: [SIM-utils-51] Simulation object is 'sim_1'
INFO: [USF-XSim-7] Finding pre-compiled libraries...
INFO: [USF-XSim-11] File 'C:/Xilinx/Vivado/2017.4/data/xsim/ip/xsim_ip.ini' copied to run dir:'C:/Users/ashle/Documents/Current Classes/ECE-499/ECE449Main.sim/sim_1/behav/xsim'
INFO: [SIM-utils-54] Inspecting design source files for 'datapath_tb' in fileset 'sim_1'...
INFO: [SIM-utils-43] Exported 'C:/Users/ashle/Documents/Current Classes/ECE-499/ECE449Main.sim/sim_1/behav/xsim/FORMAT_B_Test_Part2.coe'
INFO: [SIM-utils-43] Exported 'C:/Users/ashle/Documents/Current Classes/ECE-499/ECE449Main.sim/sim_1/behav/xsim/blk_mem_gen_0.mif'
INFO: [USF-XSim-97] Finding global include files...
INFO: [USF-XSim-98] Fetching design files from 'sim_1'...
INFO: [USF-XSim-2] XSim::Compile design
INFO: [USF-XSim-61] Executing 'COMPILE and ANALYZE' step in 'C:/Users/ashle/Documents/Current Classes/ECE-499/ECE449Main.sim/sim_1/behav/xsim'
"xvhdl --incr --relax -prj datapath_tb_vhdl.prj"
INFO: [VRFC 10-163] Analyzing VHDL file "C:/Users/ashle/Documents/Current Classes/ECE-499/ECE449Main.srcs/sources_1/imports/new/datapath.vhd" into library xil_defaultlib
INFO: [VRFC 10-307] analyzing entity datapath
INFO: [USF-XSim-69] 'compile' step finished in '1' seconds
INFO: [USF-XSim-3] XSim::Elaborate design
INFO: [USF-XSim-61] Executing 'ELABORATE' step in 'C:/Users/ashle/Documents/Current Classes/ECE-499/ECE449Main.sim/sim_1/behav/xsim'
Vivado Simulator 2017.4
Copyright 1986-1999, 2001-2016 Xilinx, Inc. All Rights Reserved.
Running: C:/Xilinx/Vivado/2017.4/bin/unwrapped/win64.o/xelab.exe -wto bd56acb4f8004fa8831a86f65c5f783c --incr --debug typical --relax --mt 2 -L xil_defaultlib -L secureip -L xpm --snapshot datapath_tb_behav xil_defaultlib.datapath_tb -log elaborate.log 
Using 2 slave threads.
Starting static elaboration
Completed static elaboration
Starting simulation data flow analysis
Completed simulation data flow analysis
Time Resolution for simulation is 1ps
Compiling package std.standard
Compiling package std.textio
Compiling package ieee.std_logic_1164
Compiling package ieee.numeric_std
Compiling package unisim.vcomponents
Compiling package ieee.std_logic_arith
Compiling package ieee.std_logic_signed
Compiling package ieee.std_logic_textio
Compiling package ieee.vital_timing
Compiling package ieee.vital_primitives
Compiling package unisim.vpkg
Compiling architecture behavioral of entity xil_defaultlib.BranchController [branchcontroller_default]
Compiling architecture behavioral of entity xil_defaultlib.PC [pc_default]
Compiling architecture gnd_v of entity unisim.GND [gnd_default]
Compiling architecture rb18_internal_vhdl_v of entity unisim.RB18_INTERNAL_VHDL [\RB18_INTERNAL_VHDL(bram_size=18...]
Compiling architecture ramb18e1_v of entity unisim.RAMB18E1 [\RAMB18E1(doa_reg=1,init_10="010...]
Compiling architecture structure of entity xil_defaultlib.blk_mem_gen_0_blk_mem_gen_prim_wrapper_init [blk_mem_gen_0_blk_mem_gen_prim_w...]
Compiling architecture structure of entity xil_defaultlib.blk_mem_gen_0_blk_mem_gen_prim_width [blk_mem_gen_0_blk_mem_gen_prim_w...]
Compiling architecture structure of entity xil_defaultlib.blk_mem_gen_0_blk_mem_gen_generic_cstr [blk_mem_gen_0_blk_mem_gen_generi...]
Compiling architecture structure of entity xil_defaultlib.blk_mem_gen_0_blk_mem_gen_top [blk_mem_gen_0_blk_mem_gen_top_de...]
Compiling architecture structure of entity xil_defaultlib.blk_mem_gen_0_blk_mem_gen_v8_4_1_synth [blk_mem_gen_0_blk_mem_gen_v8_4_1...]
Compiling architecture structure of entity xil_defaultlib.blk_mem_gen_0_blk_mem_gen_v8_4_1 [blk_mem_gen_0_blk_mem_gen_v8_4_1...]
Compiling architecture structure of entity xil_defaultlib.blk_mem_gen_0 [blk_mem_gen_0_default]
Compiling architecture rtl of entity xil_defaultlib.if_id_register [if_id_register_default]
Compiling architecture behavioral of entity xil_defaultlib.RegCtrl [regctrl_default]
Compiling architecture behavioural of entity xil_defaultlib.register_file [register_file_default]
Compiling architecture rtl of entity xil_defaultlib.id_ex_register [id_ex_register_default]
Compiling architecture behavioral of entity xil_defaultlib.ALUv2 [aluv2_default]
Compiling architecture rtl of entity xil_defaultlib.ex_mem_register [ex_mem_register_default]
Compiling architecture rtl of entity xil_defaultlib.mem_wb_register [mem_wb_register_default]
Compiling architecture behavioral of entity xil_defaultlib.datapath [datapath_default]
Compiling architecture simulate of entity xil_defaultlib.datapath_tb
Built simulation snapshot datapath_tb_behav
INFO: [USF-XSim-69] 'elaborate' step finished in '2' seconds
INFO: [USF-XSim-4] XSim::Simulate design
INFO: [USF-XSim-61] Executing 'SIMULATE' step in 'C:/Users/ashle/Documents/Current Classes/ECE-499/ECE449Main.sim/sim_1/behav/xsim'
INFO: [USF-XSim-98] *** Running xsim
   with args "datapath_tb_behav -key {Behavioral:sim_1:Functional:datapath_tb} -tclbatch {datapath_tb.tcl} -log {simulate.log}"
INFO: [USF-XSim-8] Loading simulator feature
Vivado Simulator 2017.4
Time resolution is 1 ps
source datapath_tb.tcl
# set curr_wave [current_wave_config]
# if { [string length $curr_wave] == 0 } {
#   if { [llength [get_objects]] > 0} {
#     add_wave /
#     set_property needs_save false [current_wave_config]
#   } else {
#      send_msg_id Add_Wave-1 WARNING "No top level signals found. Simulator will start without a wave window. If you want to open a wave window go to 'File->New Waveform Configuration' or type 'create_wave_config' in the TCL console."
#   }
# }
# run 1000ns
INFO: [USF-XSim-96] XSim completed. Design snapshot 'datapath_tb_behav' loaded.
INFO: [USF-XSim-97] XSim simulation ran for 1000ns
launch_simulation: Time (s): cpu = 00:00:04 ; elapsed = 00:00:06 . Memory (MB): peak = 1439.535 ; gain = 0.000
open_wave_config {C:/Users/ashle/Documents/Current Classes/ECE-499/datapath_tb_behav.wcfg}
run 10000 ns
close_sim
INFO: [Simtcl 6-16] Simulation closed
launch_simulation
INFO: [Vivado 12-5698] Checking validity of IPs in the design for the 'XSim' simulator...
INFO: [Vivado 12-5682] Launching behavioral simulation in 'C:/Users/ashle/Documents/Current Classes/ECE-499/ECE449Main.sim/sim_1/behav/xsim'
INFO: [Vivado 12-4795] Using compiled simulation libraries for IPs
INFO: [SIM-utils-51] Simulation object is 'sim_1'
INFO: [USF-XSim-7] Finding pre-compiled libraries...
INFO: [USF-XSim-11] File 'C:/Xilinx/Vivado/2017.4/data/xsim/ip/xsim_ip.ini' copied to run dir:'C:/Users/ashle/Documents/Current Classes/ECE-499/ECE449Main.sim/sim_1/behav/xsim'
INFO: [SIM-utils-54] Inspecting design source files for 'datapath_tb' in fileset 'sim_1'...
INFO: [SIM-utils-43] Exported 'C:/Users/ashle/Documents/Current Classes/ECE-499/ECE449Main.sim/sim_1/behav/xsim/FORMAT_B_Test_Part2.coe'
INFO: [SIM-utils-43] Exported 'C:/Users/ashle/Documents/Current Classes/ECE-499/ECE449Main.sim/sim_1/behav/xsim/blk_mem_gen_0.mif'
INFO: [USF-XSim-97] Finding global include files...
INFO: [USF-XSim-98] Fetching design files from 'sim_1'...
INFO: [USF-XSim-2] XSim::Compile design
INFO: [USF-XSim-61] Executing 'COMPILE and ANALYZE' step in 'C:/Users/ashle/Documents/Current Classes/ECE-499/ECE449Main.sim/sim_1/behav/xsim'
"xvhdl --incr --relax -prj datapath_tb_vhdl.prj"
INFO: [VRFC 10-163] Analyzing VHDL file "C:/Users/ashle/Documents/Current Classes/ECE-499/ECE449Main.srcs/sources_1/imports/new/datapath.vhd" into library xil_defaultlib
INFO: [VRFC 10-307] analyzing entity datapath
INFO: [USF-XSim-69] 'compile' step finished in '1' seconds
INFO: [USF-XSim-3] XSim::Elaborate design
INFO: [USF-XSim-61] Executing 'ELABORATE' step in 'C:/Users/ashle/Documents/Current Classes/ECE-499/ECE449Main.sim/sim_1/behav/xsim'
Vivado Simulator 2017.4
Copyright 1986-1999, 2001-2016 Xilinx, Inc. All Rights Reserved.
Running: C:/Xilinx/Vivado/2017.4/bin/unwrapped/win64.o/xelab.exe -wto bd56acb4f8004fa8831a86f65c5f783c --incr --debug typical --relax --mt 2 -L xil_defaultlib -L secureip -L xpm --snapshot datapath_tb_behav xil_defaultlib.datapath_tb -log elaborate.log 
Using 2 slave threads.
Starting static elaboration
Completed static elaboration
Starting simulation data flow analysis
Completed simulation data flow analysis
Time Resolution for simulation is 1ps
Compiling package std.standard
Compiling package std.textio
Compiling package ieee.std_logic_1164
Compiling package ieee.numeric_std
Compiling package unisim.vcomponents
Compiling package ieee.std_logic_arith
Compiling package ieee.std_logic_signed
Compiling package ieee.std_logic_textio
Compiling package ieee.vital_timing
Compiling package ieee.vital_primitives
Compiling package unisim.vpkg
Compiling architecture behavioral of entity xil_defaultlib.BranchController [branchcontroller_default]
Compiling architecture behavioral of entity xil_defaultlib.PC [pc_default]
Compiling architecture gnd_v of entity unisim.GND [gnd_default]
Compiling architecture rb18_internal_vhdl_v of entity unisim.RB18_INTERNAL_VHDL [\RB18_INTERNAL_VHDL(bram_size=18...]
Compiling architecture ramb18e1_v of entity unisim.RAMB18E1 [\RAMB18E1(doa_reg=1,init_10="010...]
Compiling architecture structure of entity xil_defaultlib.blk_mem_gen_0_blk_mem_gen_prim_wrapper_init [blk_mem_gen_0_blk_mem_gen_prim_w...]
Compiling architecture structure of entity xil_defaultlib.blk_mem_gen_0_blk_mem_gen_prim_width [blk_mem_gen_0_blk_mem_gen_prim_w...]
Compiling architecture structure of entity xil_defaultlib.blk_mem_gen_0_blk_mem_gen_generic_cstr [blk_mem_gen_0_blk_mem_gen_generi...]
Compiling architecture structure of entity xil_defaultlib.blk_mem_gen_0_blk_mem_gen_top [blk_mem_gen_0_blk_mem_gen_top_de...]
Compiling architecture structure of entity xil_defaultlib.blk_mem_gen_0_blk_mem_gen_v8_4_1_synth [blk_mem_gen_0_blk_mem_gen_v8_4_1...]
Compiling architecture structure of entity xil_defaultlib.blk_mem_gen_0_blk_mem_gen_v8_4_1 [blk_mem_gen_0_blk_mem_gen_v8_4_1...]
Compiling architecture structure of entity xil_defaultlib.blk_mem_gen_0 [blk_mem_gen_0_default]
Compiling architecture rtl of entity xil_defaultlib.if_id_register [if_id_register_default]
Compiling architecture behavioral of entity xil_defaultlib.RegCtrl [regctrl_default]
Compiling architecture behavioural of entity xil_defaultlib.register_file [register_file_default]
Compiling architecture rtl of entity xil_defaultlib.id_ex_register [id_ex_register_default]
Compiling architecture behavioral of entity xil_defaultlib.ALUv2 [aluv2_default]
Compiling architecture rtl of entity xil_defaultlib.ex_mem_register [ex_mem_register_default]
Compiling architecture rtl of entity xil_defaultlib.mem_wb_register [mem_wb_register_default]
Compiling architecture behavioral of entity xil_defaultlib.datapath [datapath_default]
Compiling architecture simulate of entity xil_defaultlib.datapath_tb
Built simulation snapshot datapath_tb_behav
INFO: [USF-XSim-69] 'elaborate' step finished in '3' seconds
INFO: [USF-XSim-4] XSim::Simulate design
INFO: [USF-XSim-61] Executing 'SIMULATE' step in 'C:/Users/ashle/Documents/Current Classes/ECE-499/ECE449Main.sim/sim_1/behav/xsim'
INFO: [USF-XSim-98] *** Running xsim
   with args "datapath_tb_behav -key {Behavioral:sim_1:Functional:datapath_tb} -tclbatch {datapath_tb.tcl} -log {simulate.log}"
INFO: [USF-XSim-8] Loading simulator feature
Vivado Simulator 2017.4
Time resolution is 1 ps
source datapath_tb.tcl
# set curr_wave [current_wave_config]
# if { [string length $curr_wave] == 0 } {
#   if { [llength [get_objects]] > 0} {
#     add_wave /
#     set_property needs_save false [current_wave_config]
#   } else {
#      send_msg_id Add_Wave-1 WARNING "No top level signals found. Simulator will start without a wave window. If you want to open a wave window go to 'File->New Waveform Configuration' or type 'create_wave_config' in the TCL console."
#   }
# }
# run 1000ns
INFO: [USF-XSim-96] XSim completed. Design snapshot 'datapath_tb_behav' loaded.
INFO: [USF-XSim-97] XSim simulation ran for 1000ns
launch_simulation: Time (s): cpu = 00:00:02 ; elapsed = 00:00:06 . Memory (MB): peak = 1442.133 ; gain = 0.000
open_wave_config {C:/Users/ashle/Documents/Current Classes/ECE-499/datapath_tb_behav.wcfg}
run 10000 ns
close_sim
INFO: [Simtcl 6-16] Simulation closed
launch_simulation
INFO: [Vivado 12-5698] Checking validity of IPs in the design for the 'XSim' simulator...
INFO: [Vivado 12-5682] Launching behavioral simulation in 'C:/Users/ashle/Documents/Current Classes/ECE-499/ECE449Main.sim/sim_1/behav/xsim'
INFO: [Vivado 12-4795] Using compiled simulation libraries for IPs
INFO: [SIM-utils-51] Simulation object is 'sim_1'
INFO: [USF-XSim-7] Finding pre-compiled libraries...
INFO: [USF-XSim-11] File 'C:/Xilinx/Vivado/2017.4/data/xsim/ip/xsim_ip.ini' copied to run dir:'C:/Users/ashle/Documents/Current Classes/ECE-499/ECE449Main.sim/sim_1/behav/xsim'
INFO: [SIM-utils-54] Inspecting design source files for 'datapath_tb' in fileset 'sim_1'...
INFO: [SIM-utils-43] Exported 'C:/Users/ashle/Documents/Current Classes/ECE-499/ECE449Main.sim/sim_1/behav/xsim/FORMAT_B_Test_Part2.coe'
INFO: [SIM-utils-43] Exported 'C:/Users/ashle/Documents/Current Classes/ECE-499/ECE449Main.sim/sim_1/behav/xsim/blk_mem_gen_0.mif'
INFO: [USF-XSim-97] Finding global include files...
INFO: [USF-XSim-98] Fetching design files from 'sim_1'...
INFO: [USF-XSim-2] XSim::Compile design
INFO: [USF-XSim-61] Executing 'COMPILE and ANALYZE' step in 'C:/Users/ashle/Documents/Current Classes/ECE-499/ECE449Main.sim/sim_1/behav/xsim'
"xvhdl --incr --relax -prj datapath_tb_vhdl.prj"
INFO: [VRFC 10-163] Analyzing VHDL file "C:/Users/ashle/Documents/Current Classes/ECE-499/ECE449Main.srcs/sources_1/imports/new/datapath.vhd" into library xil_defaultlib
INFO: [VRFC 10-307] analyzing entity datapath
INFO: [USF-XSim-69] 'compile' step finished in '1' seconds
INFO: [USF-XSim-3] XSim::Elaborate design
INFO: [USF-XSim-61] Executing 'ELABORATE' step in 'C:/Users/ashle/Documents/Current Classes/ECE-499/ECE449Main.sim/sim_1/behav/xsim'
Vivado Simulator 2017.4
Copyright 1986-1999, 2001-2016 Xilinx, Inc. All Rights Reserved.
Running: C:/Xilinx/Vivado/2017.4/bin/unwrapped/win64.o/xelab.exe -wto bd56acb4f8004fa8831a86f65c5f783c --incr --debug typical --relax --mt 2 -L xil_defaultlib -L secureip -L xpm --snapshot datapath_tb_behav xil_defaultlib.datapath_tb -log elaborate.log 
Using 2 slave threads.
Starting static elaboration
Completed static elaboration
Starting simulation data flow analysis
Completed simulation data flow analysis
Time Resolution for simulation is 1ps
Compiling package std.standard
Compiling package std.textio
Compiling package ieee.std_logic_1164
Compiling package ieee.numeric_std
Compiling package unisim.vcomponents
Compiling package ieee.std_logic_arith
Compiling package ieee.std_logic_signed
Compiling package ieee.std_logic_textio
Compiling package ieee.vital_timing
Compiling package ieee.vital_primitives
Compiling package unisim.vpkg
Compiling architecture behavioral of entity xil_defaultlib.BranchController [branchcontroller_default]
Compiling architecture behavioral of entity xil_defaultlib.PC [pc_default]
Compiling architecture gnd_v of entity unisim.GND [gnd_default]
Compiling architecture rb18_internal_vhdl_v of entity unisim.RB18_INTERNAL_VHDL [\RB18_INTERNAL_VHDL(bram_size=18...]
Compiling architecture ramb18e1_v of entity unisim.RAMB18E1 [\RAMB18E1(doa_reg=1,init_10="010...]
Compiling architecture structure of entity xil_defaultlib.blk_mem_gen_0_blk_mem_gen_prim_wrapper_init [blk_mem_gen_0_blk_mem_gen_prim_w...]
Compiling architecture structure of entity xil_defaultlib.blk_mem_gen_0_blk_mem_gen_prim_width [blk_mem_gen_0_blk_mem_gen_prim_w...]
Compiling architecture structure of entity xil_defaultlib.blk_mem_gen_0_blk_mem_gen_generic_cstr [blk_mem_gen_0_blk_mem_gen_generi...]
Compiling architecture structure of entity xil_defaultlib.blk_mem_gen_0_blk_mem_gen_top [blk_mem_gen_0_blk_mem_gen_top_de...]
Compiling architecture structure of entity xil_defaultlib.blk_mem_gen_0_blk_mem_gen_v8_4_1_synth [blk_mem_gen_0_blk_mem_gen_v8_4_1...]
Compiling architecture structure of entity xil_defaultlib.blk_mem_gen_0_blk_mem_gen_v8_4_1 [blk_mem_gen_0_blk_mem_gen_v8_4_1...]
Compiling architecture structure of entity xil_defaultlib.blk_mem_gen_0 [blk_mem_gen_0_default]
Compiling architecture rtl of entity xil_defaultlib.if_id_register [if_id_register_default]
Compiling architecture behavioral of entity xil_defaultlib.RegCtrl [regctrl_default]
Compiling architecture behavioural of entity xil_defaultlib.register_file [register_file_default]
Compiling architecture rtl of entity xil_defaultlib.id_ex_register [id_ex_register_default]
Compiling architecture behavioral of entity xil_defaultlib.ALUv2 [aluv2_default]
Compiling architecture rtl of entity xil_defaultlib.ex_mem_register [ex_mem_register_default]
Compiling architecture rtl of entity xil_defaultlib.mem_wb_register [mem_wb_register_default]
Compiling architecture behavioral of entity xil_defaultlib.datapath [datapath_default]
Compiling architecture simulate of entity xil_defaultlib.datapath_tb
Built simulation snapshot datapath_tb_behav
INFO: [USF-XSim-69] 'elaborate' step finished in '3' seconds
INFO: [USF-XSim-4] XSim::Simulate design
INFO: [USF-XSim-61] Executing 'SIMULATE' step in 'C:/Users/ashle/Documents/Current Classes/ECE-499/ECE449Main.sim/sim_1/behav/xsim'
INFO: [USF-XSim-98] *** Running xsim
   with args "datapath_tb_behav -key {Behavioral:sim_1:Functional:datapath_tb} -tclbatch {datapath_tb.tcl} -log {simulate.log}"
INFO: [USF-XSim-8] Loading simulator feature
Vivado Simulator 2017.4
Time resolution is 1 ps
source datapath_tb.tcl
# set curr_wave [current_wave_config]
# if { [string length $curr_wave] == 0 } {
#   if { [llength [get_objects]] > 0} {
#     add_wave /
#     set_property needs_save false [current_wave_config]
#   } else {
#      send_msg_id Add_Wave-1 WARNING "No top level signals found. Simulator will start without a wave window. If you want to open a wave window go to 'File->New Waveform Configuration' or type 'create_wave_config' in the TCL console."
#   }
# }
# run 1000ns
INFO: [USF-XSim-96] XSim completed. Design snapshot 'datapath_tb_behav' loaded.
INFO: [USF-XSim-97] XSim simulation ran for 1000ns
launch_simulation: Time (s): cpu = 00:00:03 ; elapsed = 00:00:06 . Memory (MB): peak = 1442.133 ; gain = 0.000
open_wave_config {C:/Users/ashle/Documents/Current Classes/ECE-499/datapath_tb_behav.wcfg}
run 10000 ns
close_sim
INFO: [Simtcl 6-16] Simulation closed
launch_simulation
INFO: [Vivado 12-5698] Checking validity of IPs in the design for the 'XSim' simulator...
INFO: [Vivado 12-5682] Launching behavioral simulation in 'C:/Users/ashle/Documents/Current Classes/ECE-499/ECE449Main.sim/sim_1/behav/xsim'
INFO: [Vivado 12-4795] Using compiled simulation libraries for IPs
INFO: [SIM-utils-51] Simulation object is 'sim_1'
INFO: [USF-XSim-7] Finding pre-compiled libraries...
INFO: [USF-XSim-11] File 'C:/Xilinx/Vivado/2017.4/data/xsim/ip/xsim_ip.ini' copied to run dir:'C:/Users/ashle/Documents/Current Classes/ECE-499/ECE449Main.sim/sim_1/behav/xsim'
INFO: [SIM-utils-54] Inspecting design source files for 'datapath_tb' in fileset 'sim_1'...
INFO: [SIM-utils-43] Exported 'C:/Users/ashle/Documents/Current Classes/ECE-499/ECE449Main.sim/sim_1/behav/xsim/FORMAT_B_Test_Part2.coe'
INFO: [SIM-utils-43] Exported 'C:/Users/ashle/Documents/Current Classes/ECE-499/ECE449Main.sim/sim_1/behav/xsim/blk_mem_gen_0.mif'
INFO: [USF-XSim-97] Finding global include files...
INFO: [USF-XSim-98] Fetching design files from 'sim_1'...
INFO: [USF-XSim-2] XSim::Compile design
INFO: [USF-XSim-61] Executing 'COMPILE and ANALYZE' step in 'C:/Users/ashle/Documents/Current Classes/ECE-499/ECE449Main.sim/sim_1/behav/xsim'
"xvhdl --incr --relax -prj datapath_tb_vhdl.prj"
INFO: [VRFC 10-163] Analyzing VHDL file "C:/Users/ashle/Documents/Current Classes/ECE-499/ECE449Main.srcs/sources_1/imports/new/datapath.vhd" into library xil_defaultlib
INFO: [VRFC 10-307] analyzing entity datapath
INFO: [USF-XSim-69] 'compile' step finished in '1' seconds
INFO: [USF-XSim-3] XSim::Elaborate design
INFO: [USF-XSim-61] Executing 'ELABORATE' step in 'C:/Users/ashle/Documents/Current Classes/ECE-499/ECE449Main.sim/sim_1/behav/xsim'
Vivado Simulator 2017.4
Copyright 1986-1999, 2001-2016 Xilinx, Inc. All Rights Reserved.
Running: C:/Xilinx/Vivado/2017.4/bin/unwrapped/win64.o/xelab.exe -wto bd56acb4f8004fa8831a86f65c5f783c --incr --debug typical --relax --mt 2 -L xil_defaultlib -L secureip -L xpm --snapshot datapath_tb_behav xil_defaultlib.datapath_tb -log elaborate.log 
Using 2 slave threads.
Starting static elaboration
Completed static elaboration
Starting simulation data flow analysis
Completed simulation data flow analysis
Time Resolution for simulation is 1ps
Compiling package std.standard
Compiling package std.textio
Compiling package ieee.std_logic_1164
Compiling package ieee.numeric_std
Compiling package unisim.vcomponents
Compiling package ieee.std_logic_arith
Compiling package ieee.std_logic_signed
Compiling package ieee.std_logic_textio
Compiling package ieee.vital_timing
Compiling package ieee.vital_primitives
Compiling package unisim.vpkg
Compiling architecture behavioral of entity xil_defaultlib.BranchController [branchcontroller_default]
Compiling architecture behavioral of entity xil_defaultlib.PC [pc_default]
Compiling architecture gnd_v of entity unisim.GND [gnd_default]
Compiling architecture rb18_internal_vhdl_v of entity unisim.RB18_INTERNAL_VHDL [\RB18_INTERNAL_VHDL(bram_size=18...]
Compiling architecture ramb18e1_v of entity unisim.RAMB18E1 [\RAMB18E1(doa_reg=1,init_10="010...]
Compiling architecture structure of entity xil_defaultlib.blk_mem_gen_0_blk_mem_gen_prim_wrapper_init [blk_mem_gen_0_blk_mem_gen_prim_w...]
Compiling architecture structure of entity xil_defaultlib.blk_mem_gen_0_blk_mem_gen_prim_width [blk_mem_gen_0_blk_mem_gen_prim_w...]
Compiling architecture structure of entity xil_defaultlib.blk_mem_gen_0_blk_mem_gen_generic_cstr [blk_mem_gen_0_blk_mem_gen_generi...]
Compiling architecture structure of entity xil_defaultlib.blk_mem_gen_0_blk_mem_gen_top [blk_mem_gen_0_blk_mem_gen_top_de...]
Compiling architecture structure of entity xil_defaultlib.blk_mem_gen_0_blk_mem_gen_v8_4_1_synth [blk_mem_gen_0_blk_mem_gen_v8_4_1...]
Compiling architecture structure of entity xil_defaultlib.blk_mem_gen_0_blk_mem_gen_v8_4_1 [blk_mem_gen_0_blk_mem_gen_v8_4_1...]
Compiling architecture structure of entity xil_defaultlib.blk_mem_gen_0 [blk_mem_gen_0_default]
Compiling architecture rtl of entity xil_defaultlib.if_id_register [if_id_register_default]
Compiling architecture behavioral of entity xil_defaultlib.RegCtrl [regctrl_default]
Compiling architecture behavioural of entity xil_defaultlib.register_file [register_file_default]
Compiling architecture rtl of entity xil_defaultlib.id_ex_register [id_ex_register_default]
Compiling architecture behavioral of entity xil_defaultlib.ALUv2 [aluv2_default]
Compiling architecture rtl of entity xil_defaultlib.ex_mem_register [ex_mem_register_default]
Compiling architecture rtl of entity xil_defaultlib.mem_wb_register [mem_wb_register_default]
Compiling architecture behavioral of entity xil_defaultlib.datapath [datapath_default]
Compiling architecture simulate of entity xil_defaultlib.datapath_tb
Built simulation snapshot datapath_tb_behav
INFO: [USF-XSim-69] 'elaborate' step finished in '3' seconds
INFO: [USF-XSim-4] XSim::Simulate design
INFO: [USF-XSim-61] Executing 'SIMULATE' step in 'C:/Users/ashle/Documents/Current Classes/ECE-499/ECE449Main.sim/sim_1/behav/xsim'
INFO: [USF-XSim-98] *** Running xsim
   with args "datapath_tb_behav -key {Behavioral:sim_1:Functional:datapath_tb} -tclbatch {datapath_tb.tcl} -log {simulate.log}"
INFO: [USF-XSim-8] Loading simulator feature
Vivado Simulator 2017.4
Time resolution is 1 ps
source datapath_tb.tcl
# set curr_wave [current_wave_config]
# if { [string length $curr_wave] == 0 } {
#   if { [llength [get_objects]] > 0} {
#     add_wave /
#     set_property needs_save false [current_wave_config]
#   } else {
#      send_msg_id Add_Wave-1 WARNING "No top level signals found. Simulator will start without a wave window. If you want to open a wave window go to 'File->New Waveform Configuration' or type 'create_wave_config' in the TCL console."
#   }
# }
# run 1000ns
INFO: [USF-XSim-96] XSim completed. Design snapshot 'datapath_tb_behav' loaded.
INFO: [USF-XSim-97] XSim simulation ran for 1000ns
launch_simulation: Time (s): cpu = 00:00:03 ; elapsed = 00:00:06 . Memory (MB): peak = 1442.457 ; gain = 0.316
open_wave_config {C:/Users/ashle/Documents/Current Classes/ECE-499/datapath_tb_behav.wcfg}
run 10000 ns
